招聘单位,薪资区间,招聘岗位,工作地点,工作经验,学历要求,岗位属性,类别,发布时间,职位诱惑,职位描述,工作地址,爬取时间数数科技,10k-20k,数据分析师,上海,经验1-3年,本科及以上,全职,| 游戏 | 大数据 | 数据分析 | 数据运营 | SQL | 商业 |,2天前,年度旅行、年终奖、年度调薪等,职位描述：,上海-长宁区-虹桥-华闻国际1203,2020-05-25 10:26:15轻松集团,25k-40k,大数据开发工程师,北京,经验3-5年,本科及以上,全职,| 数据分析 | 数据处理 | Storm | Spark |,10:19,"技术大咖,扁平管理,交通便利,绩效奖金","职位描述：
1、负责流计算平台的开发与优化工作
2、负责流式计算平台开发结合业务的应用、处理实时数据、实时应用场景的开发
3、负责实时计算系统的运维，保证系统的高可用性和稳定性
4、负责设计，开发，优化数据接入、数据存储、数据计算服务框架
5、负责对业务的数据接口开发
6、负责优化分布式框架，解决大并发下的各种问题",北京-东城区-和平里-歌华大厦B座10层1021,2020-05-25 10:26:40AfterShip,25k-40k,大数据开发工程师,深圳,经验5-10年,本科及以上,全职,| 工具软件 | 企业服务 |,10:20,全球项目、高薪资、高福利、国际团队,有关 AfterShip,深圳-南山区-高新技术产业园高科技南三道7号达实智能大厦40层,2020-05-25 10:27:05腾讯,25k-40k,大数据开发工程师,深圳,经验3-5年,本科及以上,全职,| 大数据 | 后端 | Linux/Unix | Java | Hadoop |,10:01,大平台,"1. 计算机类或相关专业；5年以上互联网行业开发经验；
2. 扎实的java编程基础，熟悉SpringBoot等开源框架，熟悉Java内存模型、多线程、NIO、类加载等;
3. 熟悉大数据相关组件，Hadoop、Hive、Hbase、Spark、Zookeeper、Flume、Flink、ES等技术，并有过实际项目经验；有公有云EMR、ES，TBDS等大数据产品使用经验者优先考虑;
4. 熟悉linux，能熟练python/shell等脚本编写完成日常系统开发工作；
5. 具备良好的团队合作精神，善于协调沟通，具备较强的问题定位和推动解决能力；具备较强的抗压能力，能面对云计算的机遇与挑战，在较大压力下保持工作激情。
岗位职责：
1. 分析系统相关架构，负责大数据应用相关产品的底层数据平台Ipaas的搭建和完善；
2. 支撑大数据应用产品私有化部署方案的输出和实施，并在过程中不断优化；
3.负责大数据应用相关产品在上层saas平台的服务搭建，并在功能迭代上能够快速输出；",深圳-南山区-科技园-腾讯大厦,2020-05-25 10:27:30腾讯,15k-30k,大数据开发工程师,深圳,经验3-5年,学历不限,全职,| 移动互联网 |,10:01,大数据,,深圳-南山区-万利达科技大厦,2020-05-25 10:27:55微聚未来,30k-60k,大数据开发工程师,北京,经验5-10年,本科及以上,全职,| Hadoop | Spark | Flink | Hive |,09:49,"牛人团队,带薪年假,16薪考核,快速成长",职责：,北京-海淀区-西北旺-北京市海淀区中关村软件园二期,2020-05-25 10:28:21浙江农信,15k-25k,大数据开发工程师,杭州,经验1-3年,本科及以上,全职,| 大数据 | 银行 |,09:45,发展前景大、福利待遇好,一、岗位职责,杭州-萧山区-宁围-鸿宁路2268号浙江农信科技大楼（近地铁2号线钱江世纪城站）,2020-05-25 10:28:46华为技术有限公司,20k-40k,大数据开发工程师,深圳,经验不限,本科及以上,全职,| 大数据 |,09:31,大平台 高薪,岗位职责： 在这里，你将与业界大数据专家一起工作，有机会与来自全球的大数据领域牛人交流，参与华为业界领先的大数据平台的核心产品设计、研发、交付。  你将会： 1、深度参与到华为大数据平台等组件的研发、交付及解决方案支撑； 2、探索云服务化实现的前沿技术，并负责华为云大数据服务的架构设计、开发、测试及运维。  岗位要求： 1、计算机、软件相关专业本科及以上学历； 2、熟悉以下一种编程语言：C/C++/Java/C#/Python/PHP/Python/Shell等编程语言、脚本语言； 3、熟悉或掌握以下一方面知识者优先：虚拟化、计算、网络、存储、安全、监控运维、操作系统、数据库、系统自动化、分布式架构、开源等；  4、有网络管理经验、熟悉各种网络设备及网络协议，具有TCP/IP协议等常用网络协议的知识和经验者优先。,深圳-龙岗区-坂田街道办华为基地,2020-05-25 10:29:11君海游戏,10k-20k,大数据开发工程师,广州,经验1-3年,本科及以上,全职,| 大数据 | Hadoop | Spark | 数据挖掘 | 数据分析 |,09:22,"双休,优秀平台,包餐,五险一金",任职要求：,广州-海珠区-琶洲-新港东路618号南丰汇大厦7楼,2020-05-25 10:29:36吉比特,15k-25k,大数据开发工程师,深圳,经验1-3年,本科及以上,全职,| 移动互联网 | 游戏 | 数据挖掘 | 数据分析 | 数据处理 | 数据库开发 |,09:15,"上市公司,福利好,平台大,发展空间大",【岗位职责】,深圳-南山区-龙珠四路方大城2号楼17F,2020-05-25 10:30:01网联,25k-40k,大数据开发工程师,北京,经验5-10年,本科及以上,全职,| Java | Hadoop |,08:16,监管视野 平台稳定 发展空间,工作职责：,北京-西城区-月坛南街1号院7号楼21层,2020-05-25 10:30:26轻松集团,20k-40k,高级数据分析师,北京,经验3-5年,本科及以上,全职,| 数据分析 | 数据运营 | SQL | 数据库 |,10:19,"六险一金,丰富团建,绩效奖金,氛围好",工作职责：,北京-东城区-安定门-安定门东大街28号雍和大厦F座7层,2020-05-25 10:30:51快手,8k-10k,数据分析专员,天津,经验1-3年,本科及以上,全职,| 视频 | 直播 | 数据分析 | 数据运营 | 可视化 |,10:11,福利待遇 平台发展 公司规模,岗位职责：,天津-西青区-中北-中北镇新城市中心B座19层,2020-05-25 10:31:17微博,20k-40k,大数据开发工程师,北京,经验3-5年,学历不限,全职,| Flink | Hadoop | 数据架构 | Java |,10:19,"大平台福利,带薪年假,快速成长","1. 负责大数据平台的架构设计与研发
2. 根据业务需求设计高扩展性、高性能的系统架构和应用架构",北京-海淀区-西北旺东路10号院西区8号楼新浪总部大厦,2020-05-25 10:31:42易流,15k-25k,大数据开发工程师,西安,经验1-3年,本科及以上,全职,| 大数据 | 数据挖掘 | 数据分析 |,10:17,"友好团队,前沿技术,发展平台",岗位职责：,西安-雁塔区-锦业一路68号合众思壮导航产业园A座4楼,2020-05-25 10:32:07小米,25k-40k,大数据开发工程师,北京,经验5-10年,本科及以上,全职,| Hadoop |,10:26,发展空间、年终奖金、技术氛围浓厚,职位描述：,北京-海淀区-清河-小米总参,2020-05-25 10:32:48趣头条,40k-60k,大数据开发工程师,上海,经验3-5年,本科及以上,全职,| Spark | Hadoop | Hive |,10:25,六险一金；午餐补贴,工作职责：,上海-浦东新区-张江-申江路5005弄星创科技广场,2020-05-25 10:33:13腾讯,20k-40k,大数据开发工程师,深圳,经验1-3年,本科及以上,全职,| Hadoop | Spark | 数据分析 | 数据仓库 |,10:00,鹅厂大平台 同事牛人多,岗位职责：,深圳-南山区-腾讯滨海大厦,2020-05-25 10:33:38腾讯,30k-55k,大数据开发工程师,深圳,经验5-10年,本科及以上,全职,| 大数据 | 云计算 | Flink | 数据架构 | 数据挖掘 | 数据分析 |,10:00,PB级大数据平台 待遇优 团队氛围好,负责大数据中台的容量管理、监控、发布等日常运营，保障系统7*24小时稳定运行， 负责大数据中台架构规划和建设，提高系统运维效率和质量；,深圳-南山区-科技园-腾讯大厦,2020-05-25 10:34:03平安产险,15k-30k,大数据开发工程师,深圳,经验3-5年,本科及以上,全职,| 大数据 | 金融 |,10:31,"专业团队,大平台,薪酬,尊重",岗位职责：,深圳-福田区-新洲-益田路平安金融中心,2020-05-25 10:34:28海万科技,16k-20k,大数据开发工程师,上海,经验3-5年,本科及以上,全职,| Java | Hadoop |,10:24,"节日礼金,五险一金,体检旅游,年底双薪",岗位职责：,上海-浦东新区-唐镇-唐镇上丰路1288号,2020-05-25 10:34:54甜心互娱,10k-15k,大数据开发工程师,郑州,经验3-5年,本科及以上,全职,| Hadoop | Spark | Flink | 数据仓库 |,09:48,双休、五险一金、下午茶、旅游、年终奖,"1、负责 Hadoop 集群、数据分析平台、计算平台开发和维护； 
2、负责公司海量用户行为日志数据收集、ETL； 
3、支持实时数据报表、离线数据报表、交互式数据分析等多种数据应用； 
4、负责数据仓库业务主题数据建模以及核心代码开发开发和调优。",郑州-中原区-郑州市西三环大学科技园东区（电厂路80号）15I座3楼,2020-05-25 10:35:19CLPS,13k-25k,大数据开发工程师,上海,经验3-5年,学历不限,全职,| Oracle | Hadoop | Spark |,10:33,六险一金，周末双休,1. 本科以上（学校背景好的通过率高）,上海-浦东新区-金桥-新金桥软件园,2020-05-25 10:35:44玩吧,15k-25k,数据分析师,北京,经验3-5年,本科及以上,全职,| 社交 | 移动互联网 | 数据分析 | 数据运营 | SQL |,10:29,"七险一金,免费午餐,弹性不打卡,季度旅游","岗位职责：
1.分析数据报表，监控产品运行数据
2.理解业务流程和关键点，确认重点监控指标
3.报告并分析数据异常的原因
4.协助产品和运营同学查询数据、分析结论
岗位要求：
1.正直、诚实、认真
2.三年以上数据分析经验，熟悉SQL，了解NoSQL，了解SQL优化与原理
3.熟练使用Excel高级功能
4. 对移动互联网社交、娱乐产品有热情，相信数据可以产生价值 
5.加分项：能编写简单的脚本或存储过程
【玩吧】是一款娱乐社交APP，《快乐大本营》和《暴走大事件》官方推荐，冠名《PandaKill》，引领狼人杀现象级风潮，AppStore社交排行榜****5！公司策略稳健、行动迅速，我们需要你的才华，我们也懂得回报你的付出。",北京-东城区-东直门地铁旁,2020-05-25 10:36:09方纬科技,12k-18k,大数据开发工程师,上海,经验3-5年,本科及以上,全职,| 大数据 |,10:31,五险一金，年终奖金，项目奖金，旅游体检,职位描述：,上海-浦东新区-南码头-上海市浦东新区杨高南路5000号公安局交通警察总队,2020-05-25 10:36:34CLPS,22k-30k,大数据开发工程师,上海,经验5-10年,本科及以上,全职,| Hadoop |,10:31,六险一金 十三薪,1、计算机及其相关专业，本科及以上学历。五年以上大数据应用经验;,上海-浦东新区-张江-张江高科技园区郭守敬路498号浦东软件园,2020-05-25 10:36:59博悦科创,12k-17k,大数据开发工程师,深圳,经验1-3年,本科及以上,全职,| Spark | Hadoop |,10:30,年终奖，下午茶,工作职责：,深圳-福田区-购物公园-平安金融中心,2020-05-25 10:37:24混沌大学,20k-40k,大数据开发工程师,北京,经验3-5年,本科及以上,全职,| Hive | 数据处理 |,10:24,"弹性工作,六险一金,年度体检,学习氛围","职位描述：
1. 负责大数据系统的数据清洗、建模、监控及治理
2. 负责相关开源组件的性能、稳定性、可靠性等方面的深度研究和优化
3. 解决生产环境的各种实际问题，保障大数据系统的平稳运行

任职要求：
1. 计算机相关专业本科及以上学历， 3 年以上工作经验
2. 熟悉Python/Java，熟悉常见的数据结构和算法
3. 对大数据生态体系中的一项或多项有深入了解，如 HDFS、MapReduce、HBase、Hive、Spark、Kafka等；
4. 熟悉整个大数据平台的处理流程和大规模分布式集群的环境搭建
5. 有Python web开发经验并熟悉主流开发框架者优先
6. 良好的团队协作及沟通能力",北京-海淀区-北太平庄-海淀区北三环中路44号院C座4层C408,2020-05-25 10:37:49中电万维,7k-14k,大数据开发工程师,成都,经验1-3年,本科及以上,全职,| DB2 | DBA | MySQL |,10:24,公司稳定 福利好 13薪 定期体检,大数据工程师：,成都-高新区-东方天祥广场A座2402,2020-05-25 10:38:14中寰卫星,20k-40k,大数据开发工程师,北京,经验5-10年,本科及以上,全职,| 汽车 | 移动互联网 | Hadoop | Spark | 数据仓库 | 数据库开发 |,10:24,"弹性工作,试用期全薪,福利待遇好",岗位职责:,北京-海淀区-丰豪东路四维图新大厦,2020-05-25 10:38:39CLPS,15k-23k,大数据开发工程师,上海,经验3-5年,本科及以上,全职,| 互联网金融 | 借贷 |,10:30,以能力定福利,3年以上工作经验。,上海-浦东新区-张江-张江高科技园区郭守敬路498号浦东软件园,2020-05-25 10:39:21博悦科创,12k-17k,大数据开发工程师,深圳,经验1-3年,本科及以上,全职,| Spark | Hadoop |,10:30,年终奖，下午茶,工作职责：,深圳-福田区-购物公园-平安金融中心,2020-05-25 10:39:46申朴信息,14k-18k,大数据开发工程师,深圳,经验3-5年,本科及以上,全职,| SQLServer | 数据架构 | 数据分析 | 数据库开发 |,10:34,五险一金 13薪,1，3年以上大数据开发，BI经验，熟悉数据仓库建模理论；,深圳-福田区-新洲-深圳福田区平安金融中心(福华三路),2020-05-25 10:40:11多比特,12k-20k,大数据开发工程师,武汉,经验3-5年,本科及以上,全职,| 数据挖掘 | 数据分析 | 算法 |,10:33,充分授权 福利完善,岗位职责：,武汉-洪山区-光谷软件园F3,2020-05-25 10:40:36紫川软件,13k-20k,大数据开发工程师,深圳,经验3-5年,本科及以上,全职,| 云计算 | Java | 数据挖掘 |,10:32,周末双休 五险一金 员工旅游 员工体检,1、岗位工作职责,深圳-福田区-新洲-购物公园金融中心,2020-05-25 10:41:01趣头条,40k-60k,大数据开发工程师,上海,经验3-5年,本科及以上,全职,| Spark | Hadoop | Hive |,10:25,六险一金；午餐补贴,工作职责：,上海-浦东新区-张江-申江路5005弄星创科技广场,2020-05-25 10:41:26CLPS,20k-40k,大数据开发工程师,上海,经验5-10年,本科及以上,全职,| 互联网金融 | Spark | Java |,10:25,"外资,世界五百强",Essential Duties and Required Skills:,上海-浦东新区-张江-花旗金融,2020-05-25 10:41:51方纬科技,12k-18k,大数据开发工程师,上海,经验3-5年,本科及以上,全职,| 大数据 |,10:31,五险一金，年终奖金，项目奖金，旅游体检,职位描述：,上海-浦东新区-南码头-上海市浦东新区杨高南路5000号公安局交通警察总队,2020-05-25 10:42:16方纬科技,10k-18k,大数据开发工程师,广州,经验3-5年,本科及以上,全职,| 大数据 | 数据分析 |,10:31,"晋升快,福利待遇好,机会多",岗位职责：,广州-番禺区-大学城-大学城青蓝街22号A区8楼,2020-05-25 10:42:41美柚,15k-30k,大数据开发工程师,厦门,经验3-5年,本科及以上,全职,| Hadoop | Spark | Flink |,10:30,六险一金，免费班车，福利多,"岗位职责：
1、负责大数据产品和应用项目工程化的研发；
2、负责现有大数据工程的维护,优化;
3、新技术框架和解决方案预研与落地，以提高处理和分析大数据的效率和速度。

岗位要求：
1、本科以上学历，计算机相关专业，3年以上大数据开发相关经验；
2、熟悉Hadoop/Spark/Hive/Kafka/flink/Elasticsearch等大数据技术以及相关优化；
3、熟悉Flink/Kafka/Storm的开发环境；
4、熟练使用Java/Scala进行复杂业务逻辑的数据处理工作，具备海量数据处理以及性能优化的能力；
5、熟练使用MySQL、Oracle、Redis、HBase；
6、思路清晰，具备良好的沟通能力和理解能力，较强的学习能力以及快速解决问题的能力；
7、对新技术，新事物有很好的探索和求知欲；
8、熟练使用douker等微服务技术。
9、有风控/规则引擎相关开发经验优先。",厦门-思明区-软件园二期望海路4号之一103,2020-05-25 10:43:06包银消费金融,15k-25k,大数据开发工程师 （数据分...,北京,经验3-5年,本科及以上,全职,| Hadoop | Spark |,10:09,六险一金；节日福利；年终奖,,北京-朝阳区-小关-惠新东街甲4号富盛大厦2座3层,2020-05-25 10:43:32咪咕,15k-20k,大数据分析开发工程师,成都,经验3-5年,本科及以上,全职,| 数据挖掘 | 数据分析 |,10:06,五险一金，周末双休，高端岗位,1.     负责对接和收集大数据区域市场数据应用需求，制定针对性的大数据解决方案，并协调后端开发人员进行开发落地。,成都-高新区-交子大道575号中海国际J座,2020-05-25 10:43:57翡翠东方TVBC,18k-25k,大数据开发工程师,广州,经验5-10年,本科及以上,全职,| 媒体 | 数据库开发 | 数据处理 | 数据分析 | 搜索 |,09:34,TVB平台，天河区CBD，最大的粤语社区,岗位职责,广州-天河区-冼村-珠江新城华夏路28号富力盈信大厦3801室,2020-05-25 10:44:22广州南天,10k-18k,大数据开发工程师,广州,经验3-5年,本科及以上,全职,| 大数据 |,09:31,"五险一金,年终奖金,带薪年假,节日福利",1.参与项目或系统模块的研发工作，包括需求分析、设计、编码等环节；,广州-天河区-中山大道天河软件园建工路1号南天大厦五层,2020-05-25 10:44:47TRIWIN GAMES,18k-25k,大数据开发工程师,深圳,经验1-3年,本科及以上,全职,| 游戏 | Java | Hadoop | Spark |,10:30,福利丰厚 氛围活跃 领导nice,"岗位职责：
1、基于hadoop生态的大数据平台搭建和部署
2、承担数据抽取、清洗、转化等数据处理程序开发
3、基于大数据平台完成各类统计和开发任务，完成日常数据分析查询需求
4、基于用户行为数据，通过大数据挖掘技术，建立多维度的用户属性画像和用户关系画像
5、从海量日志数据中发掘有价值的信息，建立多个维度上的模型",深圳-宝安区-海秀路23号龙光世纪大厦B座3楼041,2020-05-25 10:45:12CLPS,15k-23k,大数据开发工程师,上海,经验3-5年,本科及以上,全职,| 互联网金融 | 借贷 |,10:30,以能力定福利,3年以上工作经验。,上海-浦东新区-张江-张江高科技园区郭守敬路498号浦东软件园,2020-05-25 10:45:53奥解思,10k-20k,大数据开发工程师,上海,经验1-3年,本科及以上,全职,| 投资/融资 | 银行 | 后端 | Hadoop | MySQL |,10:30,13薪 全额缴纳社保公积金,主要职责：,上海-浦东新区-张江-郭守敬路498号8号楼501室,2020-05-25 10:46:18美柚,15k-30k,大数据开发工程师,厦门,经验3-5年,本科及以上,全职,| Hadoop | Spark | Flink |,10:30,六险一金，免费班车，福利多,"岗位职责：
1、负责大数据产品和应用项目工程化的研发；
2、负责现有大数据工程的维护,优化;
3、新技术框架和解决方案预研与落地，以提高处理和分析大数据的效率和速度。

岗位要求：
1、本科以上学历，计算机相关专业，3年以上大数据开发相关经验；
2、熟悉Hadoop/Spark/Hive/Kafka/flink/Elasticsearch等大数据技术以及相关优化；
3、熟悉Flink/Kafka/Storm的开发环境；
4、熟练使用Java/Scala进行复杂业务逻辑的数据处理工作，具备海量数据处理以及性能优化的能力；
5、熟练使用MySQL、Oracle、Redis、HBase；
6、思路清晰，具备良好的沟通能力和理解能力，较强的学习能力以及快速解决问题的能力；
7、对新技术，新事物有很好的探索和求知欲；
8、熟练使用douker等微服务技术。
9、有风控/规则引擎相关开发经验优先。",厦门-思明区-软件园二期望海路4号之一103,2020-05-25 10:46:43博悦科创,12k-17k,大数据开发工程师,深圳,经验1-3年,本科及以上,全职,| Spark | Hadoop |,10:30,年终奖，下午茶,工作职责：,深圳-福田区-购物公园-平安金融中心,2020-05-25 10:47:08方纬科技,10k-18k,大数据开发工程师,广州,经验3-5年,本科及以上,全职,| 大数据 | 数据分析 |,10:31,"晋升快,福利待遇好,机会多",岗位职责：,广州-番禺区-大学城-大学城青蓝街22号A区8楼,2020-05-25 10:47:33CLPS,22k-30k,大数据开发工程师,上海,经验5-10年,本科及以上,全职,| Hadoop |,10:31,六险一金 十三薪,1、计算机及其相关专业，本科及以上学历。五年以上大数据应用经验;,上海-浦东新区-张江-张江高科技园区郭守敬路498号浦东软件园,2020-05-25 10:47:59方纬科技,12k-18k,大数据开发工程师,上海,经验3-5年,本科及以上,全职,| 大数据 |,10:31,五险一金，年终奖金，项目奖金，旅游体检,职位描述：,上海-浦东新区-南码头-上海市浦东新区杨高南路5000号公安局交通警察总队,2020-05-25 10:48:24网联,25k-45k,大数据开发工程师,北京,经验5-10年,本科及以上,全职,| 大数据 | 金融 | Hadoop | 数据仓库 | Java |,08:16,发展前景,"1、 负责大数据集群建设、运维、管理，大数据系统集成研发，公司数据运营、数据 运维、数据风控产品的设计开发等工作。

2、 使用数据挖掘工具，对支付业务数据进行分析，挖掘用户行为特征，构建用户精 准行为的体系模型。

3、 深入理解支付业务的方向和战略、针对具体的业务问题，规划、设计基于数据挖 掘的解决方案。

岗位要求/任职资格

全日制数学、统计、计算机等相关专业本科以上学历

3 年以上大数据分析挖掘相关经验，互联网金融行业背景优先",北京-西城区-月坛-月坛南街1号院7号楼21层,2020-05-25 10:48:49博纳德,15k-20k,大数据开发工程师,广州,经验3-5年,本科及以上,全职,| 数据仓库 | Flink |,10:29,五险一金 发展空间大 餐补,岗位职责：,广州-天河区-广州市天河区建中路51-53号佳都新太大厦1号楼3楼--未来社区,2020-05-25 10:49:14SHEIN,6k-10k,数据分析师,南京,经验1-3年,本科及以上,全职,| 电商 | 行业分析 | 数据分析 | 市场分析 |,10:00,五险一金 年底双薪 绩效奖金 晋升涨薪,岗位职责：,南京-雨花台区-软件大道170-1天溯科技园5号楼789101215层,2020-05-25 10:49:39小米,25k-40k,大数据开发工程师,北京,经验5-10年,本科及以上,全职,| Hadoop |,10:26,发展空间、年终奖金、技术氛围浓厚,职位描述：,北京-海淀区-清河-小米总参,2020-05-25 10:50:04亦策软件,14k-25k,大数据开发工程师,广州,经验5-10年,学历不限,全职,| Spark | Hadoop | ETL |,10:25,五险一金 弹性上班,岗位职责：,广州-南沙区-黄阁-南沙区,2020-05-25 10:50:29北路自动化系统,15k-25k,大数据开发工程师,南京,经验5-10年,本科及以上,全职,| 通信/网络设备 | 数据分析 | 算法 | 数据处理 | 数据架构 |,10:27,五险一金 绩效奖金,"职责描述：
1. 负责线上业务系统后端架构设计、开发和维护；
2. 负责后端服务的架构优化、性能调优，保证服务质量和性能。
3. 负责大数据基础平台的整体规划和架构设计，参与需求分析、架构设计、技术决策以及详细设计；
4. 负责大数据应用核心模块设计，代码编写，相关模块评审；

任职要求：
1、本科及以上学历，计算机、软件工程及相关专业，5年以上Java应用开发经验，2年以上大数据处理相关工作经验；
2、精通Java语言及J2EE平台特性，熟悉主流WEB开发框架（Spring、Hibernate、Struts2、Mybatis等），熟知不同流行框架的优缺点；
3、熟悉常用大数据开源工具，如Kafka、Storm、Spark、Hadoop、Hive、Hbase、Mapreduce、ElasticSearch、Flume、Zookeeper等，熟知社区进度和版本特性，具有开源框架下的架构设计能力
4、熟练掌握机构化和非结构化数据库，有相关设计经验，对主流的nosql有深入了解并熟练掌握nosql；
5、具有独立搭建大数据平台环境能力；
6、必须在以下技术领域有一项或多项经验：大型分布式系统，高并发，高负载，高可用性系统；
7、多数据源访问的性能及负载经验；
8、良好的团队协作和抗压能力；
9、有spark stream实战开发经验优先考虑。",南京-江宁区-江宁滨江开发区宝象路50号,2020-05-25 10:50:54中寰卫星,20k-40k,大数据开发工程师,北京,经验5-10年,本科及以上,全职,| 汽车 | 移动互联网 | Hadoop | Spark | 数据仓库 | 数据库开发 |,10:24,"弹性工作,试用期全薪,福利待遇好",岗位职责:,北京-海淀区-丰豪东路四维图新大厦,2020-05-25 10:51:19海万科技,16k-20k,大数据开发工程师,上海,经验3-5年,本科及以上,全职,| Java | Hadoop |,10:24,"节日礼金,五险一金,体检旅游,年底双薪",岗位职责：,上海-浦东新区-唐镇-唐镇上丰路1288号,2020-05-25 10:51:44CLPS,22k-30k,大数据开发工程师,上海,经验5-10年,本科及以上,全职,| Hadoop |,10:31,六险一金 十三薪,1、计算机及其相关专业，本科及以上学历。五年以上大数据应用经验;,上海-浦东新区-张江-张江高科技园区郭守敬路498号浦东软件园,2020-05-25 10:52:26奥解思,10k-20k,大数据开发工程师,上海,经验1-3年,本科及以上,全职,| 投资/融资 | 银行 | 后端 | Hadoop | MySQL |,10:30,13薪 全额缴纳社保公积金,主要职责：,上海-浦东新区-张江-郭守敬路498号8号楼501室,2020-05-25 10:52:51美柚,15k-30k,大数据开发工程师,厦门,经验3-5年,本科及以上,全职,| Hadoop | Spark | Flink |,10:30,六险一金，免费班车，福利多,"岗位职责：
1、负责大数据产品和应用项目工程化的研发；
2、负责现有大数据工程的维护,优化;
3、新技术框架和解决方案预研与落地，以提高处理和分析大数据的效率和速度。

岗位要求：
1、本科以上学历，计算机相关专业，3年以上大数据开发相关经验；
2、熟悉Hadoop/Spark/Hive/Kafka/flink/Elasticsearch等大数据技术以及相关优化；
3、熟悉Flink/Kafka/Storm的开发环境；
4、熟练使用Java/Scala进行复杂业务逻辑的数据处理工作，具备海量数据处理以及性能优化的能力；
5、熟练使用MySQL、Oracle、Redis、HBase；
6、思路清晰，具备良好的沟通能力和理解能力，较强的学习能力以及快速解决问题的能力；
7、对新技术，新事物有很好的探索和求知欲；
8、熟练使用douker等微服务技术。
9、有风控/规则引擎相关开发经验优先。",厦门-思明区-软件园二期望海路4号之一103,2020-05-25 10:53:16博悦科创,12k-17k,大数据开发工程师,深圳,经验1-3年,本科及以上,全职,| Spark | Hadoop |,10:30,年终奖，下午茶,工作职责：,深圳-福田区-购物公园-平安金融中心,2020-05-25 10:53:41方纬科技,10k-18k,大数据开发工程师,广州,经验3-5年,本科及以上,全职,| 大数据 | 数据分析 |,10:31,"晋升快,福利待遇好,机会多",岗位职责：,广州-番禺区-大学城-大学城青蓝街22号A区8楼,2020-05-25 10:54:06方纬科技,12k-18k,大数据开发工程师,上海,经验3-5年,本科及以上,全职,| 大数据 |,10:31,五险一金，年终奖金，项目奖金，旅游体检,职位描述：,上海-浦东新区-南码头-上海市浦东新区杨高南路5000号公安局交通警察总队,2020-05-25 10:54:31网联,25k-45k,大数据开发工程师,北京,经验5-10年,本科及以上,全职,| 大数据 | 金融 | Hadoop | 数据仓库 | Java |,08:16,发展前景,"1、 负责大数据集群建设、运维、管理，大数据系统集成研发，公司数据运营、数据 运维、数据风控产品的设计开发等工作。

2、 使用数据挖掘工具，对支付业务数据进行分析，挖掘用户行为特征，构建用户精 准行为的体系模型。

3、 深入理解支付业务的方向和战略、针对具体的业务问题，规划、设计基于数据挖 掘的解决方案。

岗位要求/任职资格

全日制数学、统计、计算机等相关专业本科以上学历

3 年以上大数据分析挖掘相关经验，互联网金融行业背景优先",北京-西城区-月坛-月坛南街1号院7号楼21层,2020-05-25 10:54:56博纳德,15k-20k,大数据开发工程师,广州,经验3-5年,本科及以上,全职,| 数据仓库 | Flink |,10:29,五险一金 发展空间大 餐补,岗位职责：,广州-天河区-广州市天河区建中路51-53号佳都新太大厦1号楼3楼--未来社区,2020-05-25 10:55:21SHEIN,6k-10k,数据分析师,南京,经验1-3年,本科及以上,全职,| 电商 | 行业分析 | 数据分析 | 市场分析 |,10:00,五险一金 年底双薪 绩效奖金 晋升涨薪,岗位职责：,南京-雨花台区-软件大道170-1天溯科技园5号楼789101215层,2020-05-25 10:55:46小米,25k-40k,大数据开发工程师,北京,经验5-10年,本科及以上,全职,| Hadoop |,10:26,发展空间、年终奖金、技术氛围浓厚,职位描述：,北京-海淀区-清河-小米总参,2020-05-25 10:56:11亦策软件,14k-25k,大数据开发工程师,广州,经验5-10年,学历不限,全职,| Spark | Hadoop | ETL |,10:25,五险一金 弹性上班,岗位职责：,广州-南沙区-黄阁-南沙区,2020-05-25 10:56:36北路自动化系统,15k-25k,大数据开发工程师,南京,经验5-10年,本科及以上,全职,| 通信/网络设备 | 数据分析 | 算法 | 数据处理 | 数据架构 |,10:27,五险一金 绩效奖金,"职责描述：
1. 负责线上业务系统后端架构设计、开发和维护；
2. 负责后端服务的架构优化、性能调优，保证服务质量和性能。
3. 负责大数据基础平台的整体规划和架构设计，参与需求分析、架构设计、技术决策以及详细设计；
4. 负责大数据应用核心模块设计，代码编写，相关模块评审；

任职要求：
1、本科及以上学历，计算机、软件工程及相关专业，5年以上Java应用开发经验，2年以上大数据处理相关工作经验；
2、精通Java语言及J2EE平台特性，熟悉主流WEB开发框架（Spring、Hibernate、Struts2、Mybatis等），熟知不同流行框架的优缺点；
3、熟悉常用大数据开源工具，如Kafka、Storm、Spark、Hadoop、Hive、Hbase、Mapreduce、ElasticSearch、Flume、Zookeeper等，熟知社区进度和版本特性，具有开源框架下的架构设计能力
4、熟练掌握机构化和非结构化数据库，有相关设计经验，对主流的nosql有深入了解并熟练掌握nosql；
5、具有独立搭建大数据平台环境能力；
6、必须在以下技术领域有一项或多项经验：大型分布式系统，高并发，高负载，高可用性系统；
7、多数据源访问的性能及负载经验；
8、良好的团队协作和抗压能力；
9、有spark stream实战开发经验优先考虑。",南京-江宁区-江宁滨江开发区宝象路50号,2020-05-25 10:57:02中寰卫星,20k-40k,大数据开发工程师,北京,经验5-10年,本科及以上,全职,| 汽车 | 移动互联网 | Hadoop | Spark | 数据仓库 | 数据库开发 |,10:24,"弹性工作,试用期全薪,福利待遇好",岗位职责:,北京-海淀区-丰豪东路四维图新大厦,2020-05-25 10:57:27海万科技,16k-20k,大数据开发工程师,上海,经验3-5年,本科及以上,全职,| Java | Hadoop |,10:24,"节日礼金,五险一金,体检旅游,年底双薪",岗位职责：,上海-浦东新区-唐镇-唐镇上丰路1288号,2020-05-25 10:57:52趣头条,40k-60k,大数据开发工程师,上海,经验3-5年,本科及以上,全职,| Spark | Hadoop | Hive |,10:25,六险一金；午餐补贴,工作职责：,上海-浦东新区-张江-申江路5005弄星创科技广场,2020-05-25 10:58:17CLPS,22k-30k,大数据开发工程师,上海,经验5-10年,本科及以上,全职,| Hadoop |,10:31,六险一金 十三薪,1、计算机及其相关专业，本科及以上学历。五年以上大数据应用经验;,上海-浦东新区-张江-张江高科技园区郭守敬路498号浦东软件园,2020-05-25 10:58:58奥解思,10k-20k,大数据开发工程师,上海,经验1-3年,本科及以上,全职,| 投资/融资 | 银行 | 后端 | Hadoop | MySQL |,10:30,13薪 全额缴纳社保公积金,主要职责：,上海-浦东新区-张江-郭守敬路498号8号楼501室,2020-05-25 10:59:23美柚,15k-30k,大数据开发工程师,厦门,经验3-5年,本科及以上,全职,| Hadoop | Spark | Flink |,10:30,六险一金，免费班车，福利多,"岗位职责：
1、负责大数据产品和应用项目工程化的研发；
2、负责现有大数据工程的维护,优化;
3、新技术框架和解决方案预研与落地，以提高处理和分析大数据的效率和速度。

岗位要求：
1、本科以上学历，计算机相关专业，3年以上大数据开发相关经验；
2、熟悉Hadoop/Spark/Hive/Kafka/flink/Elasticsearch等大数据技术以及相关优化；
3、熟悉Flink/Kafka/Storm的开发环境；
4、熟练使用Java/Scala进行复杂业务逻辑的数据处理工作，具备海量数据处理以及性能优化的能力；
5、熟练使用MySQL、Oracle、Redis、HBase；
6、思路清晰，具备良好的沟通能力和理解能力，较强的学习能力以及快速解决问题的能力；
7、对新技术，新事物有很好的探索和求知欲；
8、熟练使用douker等微服务技术。
9、有风控/规则引擎相关开发经验优先。",厦门-思明区-软件园二期望海路4号之一103,2020-05-25 10:59:48博悦科创,12k-17k,大数据开发工程师,深圳,经验1-3年,本科及以上,全职,| Spark | Hadoop |,10:30,年终奖，下午茶,工作职责：,深圳-福田区-购物公园-平安金融中心,2020-05-25 11:00:13方纬科技,10k-18k,大数据开发工程师,广州,经验3-5年,本科及以上,全职,| 大数据 | 数据分析 |,10:31,"晋升快,福利待遇好,机会多",岗位职责：,广州-番禺区-大学城-大学城青蓝街22号A区8楼,2020-05-25 11:00:38网联,25k-45k,大数据开发工程师,北京,经验5-10年,本科及以上,全职,| 大数据 | 金融 | Hadoop | 数据仓库 | Java |,08:16,发展前景,"1、 负责大数据集群建设、运维、管理，大数据系统集成研发，公司数据运营、数据 运维、数据风控产品的设计开发等工作。

2、 使用数据挖掘工具，对支付业务数据进行分析，挖掘用户行为特征，构建用户精 准行为的体系模型。

3、 深入理解支付业务的方向和战略、针对具体的业务问题，规划、设计基于数据挖 掘的解决方案。

岗位要求/任职资格

全日制数学、统计、计算机等相关专业本科以上学历

3 年以上大数据分析挖掘相关经验，互联网金融行业背景优先",北京-西城区-月坛-月坛南街1号院7号楼21层,2020-05-25 11:01:04方纬科技,12k-18k,大数据开发工程师,上海,经验3-5年,本科及以上,全职,| 大数据 |,10:31,五险一金，年终奖金，项目奖金，旅游体检,职位描述：,上海-浦东新区-南码头-上海市浦东新区杨高南路5000号公安局交通警察总队,2020-05-25 11:01:29亦策软件,14k-25k,大数据开发工程师,广州,经验5-10年,学历不限,全职,| Spark | Hadoop | ETL |,10:25,五险一金 弹性上班,岗位职责：,广州-南沙区-黄阁-南沙区,2020-05-25 11:01:54博纳德,15k-20k,大数据开发工程师,广州,经验3-5年,本科及以上,全职,| 数据仓库 | Flink |,10:29,五险一金 发展空间大 餐补,岗位职责：,广州-天河区-广州市天河区建中路51-53号佳都新太大厦1号楼3楼--未来社区,2020-05-25 11:02:19SHEIN,6k-10k,数据分析师,南京,经验1-3年,本科及以上,全职,| 电商 | 行业分析 | 数据分析 | 市场分析 |,10:00,五险一金 年底双薪 绩效奖金 晋升涨薪,岗位职责：,南京-雨花台区-软件大道170-1天溯科技园5号楼789101215层,2020-05-25 11:02:44小米,25k-40k,大数据开发工程师,北京,经验5-10年,本科及以上,全职,| Hadoop |,10:26,发展空间、年终奖金、技术氛围浓厚,职位描述：,北京-海淀区-清河-小米总参,2020-05-25 11:03:09亦策软件,12k-20k,大数据开发工程师,上海,经验3-5年,本科及以上,全职,| 大数据 |,10:25,带薪年假 弹性工作制,"工作职责:
1.负责大数据平台的基础技术规划，平台的建设，包括环境和框架的规划搭建以及部分核心编码工作；
2.负责大数据平台的数据采集、处理、存储的架构实现；
3.参与业务需求调研，根据需求设计大数据解决方案并跟进具体实施项目；
任职资格:
1.本科及以上学历，3年以上工作经验；
2.熟悉大数据解决方案包括Hadoop、Spark、Hive、Hbase、SQL-on-Hadoop等大数据解决方案；
3.熟悉大数据处理等相关技术和实现方法，熟悉大数据CDH平台；
4.了解Scala、spark、Python、R、C中的一种或多种语言；
5.有大型数据仓库实施、大数据平台数据开发经验者优先。",上海-长宁区-上海市长宁区安西路100号,2020-05-25 11:03:34北路自动化系统,15k-25k,大数据开发工程师,南京,经验5-10年,本科及以上,全职,| 通信/网络设备 | 数据分析 | 算法 | 数据处理 | 数据架构 |,10:27,五险一金 绩效奖金,"职责描述：
1. 负责线上业务系统后端架构设计、开发和维护；
2. 负责后端服务的架构优化、性能调优，保证服务质量和性能。
3. 负责大数据基础平台的整体规划和架构设计，参与需求分析、架构设计、技术决策以及详细设计；
4. 负责大数据应用核心模块设计，代码编写，相关模块评审；

任职要求：
1、本科及以上学历，计算机、软件工程及相关专业，5年以上Java应用开发经验，2年以上大数据处理相关工作经验；
2、精通Java语言及J2EE平台特性，熟悉主流WEB开发框架（Spring、Hibernate、Struts2、Mybatis等），熟知不同流行框架的优缺点；
3、熟悉常用大数据开源工具，如Kafka、Storm、Spark、Hadoop、Hive、Hbase、Mapreduce、ElasticSearch、Flume、Zookeeper等，熟知社区进度和版本特性，具有开源框架下的架构设计能力
4、熟练掌握机构化和非结构化数据库，有相关设计经验，对主流的nosql有深入了解并熟练掌握nosql；
5、具有独立搭建大数据平台环境能力；
6、必须在以下技术领域有一项或多项经验：大型分布式系统，高并发，高负载，高可用性系统；
7、多数据源访问的性能及负载经验；
8、良好的团队协作和抗压能力；
9、有spark stream实战开发经验优先考虑。",南京-江宁区-江宁滨江开发区宝象路50号,2020-05-25 11:03:59中寰卫星,20k-40k,大数据开发工程师,北京,经验5-10年,本科及以上,全职,| 汽车 | 移动互联网 | Hadoop | Spark | 数据仓库 | 数据库开发 |,10:24,"弹性工作,试用期全薪,福利待遇好",岗位职责:,北京-海淀区-丰豪东路四维图新大厦,2020-05-25 11:04:24海万科技,16k-20k,大数据开发工程师,上海,经验3-5年,本科及以上,全职,| Java | Hadoop |,10:24,"节日礼金,五险一金,体检旅游,年底双薪",岗位职责：,上海-浦东新区-唐镇-唐镇上丰路1288号,2020-05-25 11:04:49音娱时光,20k-35k,大数据开发工程师,北京,经验3-5年,本科及以上,全职,| Hadoop | Scala | Spark | 算法 |,10:23,团队优秀；海外市场；免费餐饮；租房津贴；,岗位职责：,北京-海淀区-北航致真大厦,2020-05-25 11:05:30微聚未来,20k-40k,高级数据分析师,北京,经验3-5年,本科及以上,全职,| 互联网金融 | 借贷 | 数据分析 | MySQL | Spark |,09:49,七险一金、15-20薪、牛人团队,职位描述：,北京-海淀区-西北旺-北京市海淀区中关村软件园二期,2020-05-25 11:05:56灵图软件,25k-35k,大数据开发工程师,北京,经验3-5年,本科及以上,全职,| Spark | Storm |,10:22,餐补，年度体检,岗位职责：,北京-海淀区-上地-东北旺南路29号蓝海中心,2020-05-25 11:06:21快手,25k-50k,资深数据分析师,北京,经验3-5年,本科及以上,全职,|,09:58,"年终奖,住房补贴,一日三餐",,北京-海淀区-西二旗-上地西路6号,2020-05-25 11:06:46CLPS,20k-40k,大数据开发工程师,上海,经验5-10年,本科及以上,全职,| 互联网金融 | Spark | Java |,10:25,"外资,世界五百强",Essential Duties and Required Skills:,上海-浦东新区-张江-花旗金融,2020-05-25 11:07:11成都九洲,14k-17k,大数据开发工程师,成都,经验3-5年,本科及以上,全职,| 大数据 |,10:21,国企背景，平台稳定，公司福利丰厚；,"工作内容与职责：
1. 负责大数据平台规划和搭建，完成大数据平台的日常运营工作；
2. 负责大数据技术方向前瞻技术的研究；
3. 负责数据分析相关系统的设计、研发。",成都-高新区-中和-天府软件园A2,2020-05-25 11:07:36中电万维,7k-14k,大数据开发工程师,成都,经验1-3年,本科及以上,全职,| DB2 | DBA | MySQL |,10:24,公司稳定 福利好 13薪 定期体检,大数据工程师：,成都-高新区-东方天祥广场A座2402,2020-05-25 11:08:01混沌大学,20k-40k,大数据开发工程师,北京,经验3-5年,本科及以上,全职,| Hive | 数据处理 |,10:24,"弹性工作,六险一金,年度体检,学习氛围","职位描述：
1. 负责大数据系统的数据清洗、建模、监控及治理
2. 负责相关开源组件的性能、稳定性、可靠性等方面的深度研究和优化
3. 解决生产环境的各种实际问题，保障大数据系统的平稳运行

任职要求：
1. 计算机相关专业本科及以上学历， 3 年以上工作经验
2. 熟悉Python/Java，熟悉常见的数据结构和算法
3. 对大数据生态体系中的一项或多项有深入了解，如 HDFS、MapReduce、HBase、Hive、Spark、Kafka等；
4. 熟悉整个大数据平台的处理流程和大规模分布式集群的环境搭建
5. 有Python web开发经验并熟悉主流开发框架者优先
6. 良好的团队协作及沟通能力",北京-海淀区-北太平庄-海淀区北三环中路44号院C座4层C408,2020-05-25 11:08:26汇信科技,15k-22k,大数据开发工程师,杭州,经验3-5年,本科及以上,全职,| ETL | 数据挖掘 | 数据架构 | 数据仓库 |,10:22,行业前景,工作职责：,杭州-拱墅区-州市莫干山路18号蓝天商务大厦18楼B座,2020-05-25 11:08:51微博,20k-40k,大数据开发工程师,北京,经验3-5年,学历不限,全职,| Flink | Hadoop | 数据架构 | Java |,10:19,"大平台福利,带薪年假,快速成长","1. 负责大数据平台的架构设计与研发
2. 根据业务需求设计高扩展性、高性能的系统架构和应用架构",北京-海淀区-西北旺东路10号院西区8号楼新浪总部大厦,2020-05-25 11:09:16览众数据,15k-30k,大数据开发工程师,杭州,经验3-5年,本科及以上,全职,| Hive | Spark | Flink | Hadoop |,10:21,五险一金 绩效奖金,职位描述：,杭州-滨江区-芯图大厦17楼,2020-05-25 11:09:41邻汇吧,20k-30k,大数据开发工程师,杭州,经验3-5年,学历不限,全职,| 数据挖掘 | 数据仓库 |,10:21,"五险一金(最高比例),福利优厚,期权",我们需要您:,杭州-余杭区-仓前街道良睦路1288号梦想小镇7号楼205室,2020-05-25 11:10:07齐治科技,12k-22k,大数据开发工程师,杭州,经验3-5年,本科及以上,全职,| 工具软件 |,10:20,发展前景 领域前沿企业,岗位描述：,杭州-西湖区-西溪-文一西路588号西溪首座A1-2-726,2020-05-25 11:10:32易流,15k-25k,大数据开发工程师,西安,经验1-3年,本科及以上,全职,| 大数据 | 数据挖掘 | 数据分析 |,10:17,"友好团队,前沿技术,发展平台",岗位职责：,西安-雁塔区-锦业一路68号合众思壮导航产业园A座4楼,2020-05-25 11:10:57药智网,5k-9k,大数据开发工程师,重庆,经验3-5年,大专及以上,全职,| 医疗健康 | 大数据 | Java | MySQL | Linux | Hive |,10:14,周末双休、节日福利、五险一金,岗位职责：,重庆-南岸区-茶园新区玉马路8号科创园C栋2F（可导航南岸区智慧城市体验中心）,2020-05-25 11:11:22博纳德,15k-20k,大数据开发工程师,广州,经验3-5年,本科及以上,全职,| 数据仓库 | Flink |,10:29,五险一金 发展空间大 餐补,岗位职责：,广州-天河区-广州市天河区建中路51-53号佳都新太大厦1号楼3楼--未来社区,2020-05-25 11:12:03SHEIN,6k-10k,数据分析师,南京,经验1-3年,本科及以上,全职,| 电商 | 行业分析 | 数据分析 | 市场分析 |,10:00,五险一金 年底双薪 绩效奖金 晋升涨薪,岗位职责：,南京-雨花台区-软件大道170-1天溯科技园5号楼789101215层,2020-05-25 11:12:28混沌大学,20k-40k,大数据开发工程师,北京,经验3-5年,本科及以上,全职,| Hive | 数据处理 |,10:24,"弹性工作,六险一金,年度体检,学习氛围","职位描述：
1. 负责大数据系统的数据清洗、建模、监控及治理
2. 负责相关开源组件的性能、稳定性、可靠性等方面的深度研究和优化
3. 解决生产环境的各种实际问题，保障大数据系统的平稳运行

任职要求：
1. 计算机相关专业本科及以上学历， 3 年以上工作经验
2. 熟悉Python/Java，熟悉常见的数据结构和算法
3. 对大数据生态体系中的一项或多项有深入了解，如 HDFS、MapReduce、HBase、Hive、Spark、Kafka等；
4. 熟悉整个大数据平台的处理流程和大规模分布式集群的环境搭建
5. 有Python web开发经验并熟悉主流开发框架者优先
6. 良好的团队协作及沟通能力",北京-海淀区-北太平庄-海淀区北三环中路44号院C座4层C408,2020-05-25 11:12:53亦策软件,12k-20k,大数据开发工程师,上海,经验3-5年,本科及以上,全职,| 大数据 |,10:25,带薪年假 弹性工作制,"工作职责:
1.负责大数据平台的基础技术规划，平台的建设，包括环境和框架的规划搭建以及部分核心编码工作；
2.负责大数据平台的数据采集、处理、存储的架构实现；
3.参与业务需求调研，根据需求设计大数据解决方案并跟进具体实施项目；
任职资格:
1.本科及以上学历，3年以上工作经验；
2.熟悉大数据解决方案包括Hadoop、Spark、Hive、Hbase、SQL-on-Hadoop等大数据解决方案；
3.熟悉大数据处理等相关技术和实现方法，熟悉大数据CDH平台；
4.了解Scala、spark、Python、R、C中的一种或多种语言；
5.有大型数据仓库实施、大数据平台数据开发经验者优先。",上海-长宁区-上海市长宁区安西路100号,2020-05-25 11:13:18北路自动化系统,15k-25k,大数据开发工程师,南京,经验5-10年,本科及以上,全职,| 通信/网络设备 | 数据分析 | 算法 | 数据处理 | 数据架构 |,10:27,五险一金 绩效奖金,"职责描述：
1. 负责线上业务系统后端架构设计、开发和维护；
2. 负责后端服务的架构优化、性能调优，保证服务质量和性能。
3. 负责大数据基础平台的整体规划和架构设计，参与需求分析、架构设计、技术决策以及详细设计；
4. 负责大数据应用核心模块设计，代码编写，相关模块评审；

任职要求：
1、本科及以上学历，计算机、软件工程及相关专业，5年以上Java应用开发经验，2年以上大数据处理相关工作经验；
2、精通Java语言及J2EE平台特性，熟悉主流WEB开发框架（Spring、Hibernate、Struts2、Mybatis等），熟知不同流行框架的优缺点；
3、熟悉常用大数据开源工具，如Kafka、Storm、Spark、Hadoop、Hive、Hbase、Mapreduce、ElasticSearch、Flume、Zookeeper等，熟知社区进度和版本特性，具有开源框架下的架构设计能力
4、熟练掌握机构化和非结构化数据库，有相关设计经验，对主流的nosql有深入了解并熟练掌握nosql；
5、具有独立搭建大数据平台环境能力；
6、必须在以下技术领域有一项或多项经验：大型分布式系统，高并发，高负载，高可用性系统；
7、多数据源访问的性能及负载经验；
8、良好的团队协作和抗压能力；
9、有spark stream实战开发经验优先考虑。",南京-江宁区-江宁滨江开发区宝象路50号,2020-05-25 11:13:43灵图软件,25k-35k,大数据开发工程师,北京,经验3-5年,本科及以上,全职,| Spark | Storm |,10:22,餐补，年度体检,岗位职责：,北京-海淀区-上地-东北旺南路29号蓝海中心,2020-05-25 11:14:08中寰卫星,20k-40k,大数据开发工程师,北京,经验5-10年,本科及以上,全职,| 汽车 | 移动互联网 | Hadoop | Spark | 数据仓库 | 数据库开发 |,10:24,"弹性工作,试用期全薪,福利待遇好",岗位职责:,北京-海淀区-丰豪东路四维图新大厦,2020-05-25 11:14:34音娱时光,20k-35k,大数据开发工程师,北京,经验3-5年,本科及以上,全职,| Hadoop | Scala | Spark | 算法 |,10:23,团队优秀；海外市场；免费餐饮；租房津贴；,岗位职责：,北京-海淀区-北航致真大厦,2020-05-25 11:14:59微聚未来,20k-40k,高级数据分析师,北京,经验3-5年,本科及以上,全职,| 互联网金融 | 借贷 | 数据分析 | MySQL | Spark |,09:49,七险一金、15-20薪、牛人团队,职位描述：,北京-海淀区-西北旺-北京市海淀区中关村软件园二期,2020-05-25 11:15:24邻汇吧,20k-30k,大数据开发工程师,杭州,经验3-5年,学历不限,全职,| 数据挖掘 | 数据仓库 |,10:21,"五险一金(最高比例),福利优厚,期权",我们需要您:,杭州-余杭区-仓前街道良睦路1288号梦想小镇7号楼205室,2020-05-25 11:15:49汇信科技,15k-22k,大数据开发工程师,杭州,经验3-5年,本科及以上,全职,| ETL | 数据挖掘 | 数据架构 | 数据仓库 |,10:22,行业前景,工作职责：,杭州-拱墅区-州市莫干山路18号蓝天商务大厦18楼B座,2020-05-25 11:16:14CLPS,20k-40k,大数据开发工程师,上海,经验5-10年,本科及以上,全职,| 互联网金融 | Spark | Java |,10:25,"外资,世界五百强",Essential Duties and Required Skills:,上海-浦东新区-张江-花旗金融,2020-05-25 11:16:39成都九洲,14k-17k,大数据开发工程师,成都,经验3-5年,本科及以上,全职,| 大数据 |,10:21,国企背景，平台稳定，公司福利丰厚；,"工作内容与职责：
1. 负责大数据平台规划和搭建，完成大数据平台的日常运营工作；
2. 负责大数据技术方向前瞻技术的研究；
3. 负责数据分析相关系统的设计、研发。",成都-高新区-中和-天府软件园A2,2020-05-25 11:17:04中电万维,7k-14k,大数据开发工程师,成都,经验1-3年,本科及以上,全职,| DB2 | DBA | MySQL |,10:24,公司稳定 福利好 13薪 定期体检,大数据工程师：,成都-高新区-东方天祥广场A座2402,2020-05-25 11:17:29览众数据,15k-30k,大数据开发工程师,杭州,经验3-5年,本科及以上,全职,| Hive | Spark | Flink | Hadoop |,10:21,五险一金 绩效奖金,职位描述：,杭州-滨江区-芯图大厦17楼,2020-05-25 11:17:54北路自动化系统,15k-25k,大数据开发工程师,南京,经验5-10年,本科及以上,全职,| 通信/网络设备 | 数据分析 | 算法 | 数据处理 | 数据架构 |,10:27,五险一金 绩效奖金,"职责描述：
1. 负责线上业务系统后端架构设计、开发和维护；
2. 负责后端服务的架构优化、性能调优，保证服务质量和性能。
3. 负责大数据基础平台的整体规划和架构设计，参与需求分析、架构设计、技术决策以及详细设计；
4. 负责大数据应用核心模块设计，代码编写，相关模块评审；

任职要求：
1、本科及以上学历，计算机、软件工程及相关专业，5年以上Java应用开发经验，2年以上大数据处理相关工作经验；
2、精通Java语言及J2EE平台特性，熟悉主流WEB开发框架（Spring、Hibernate、Struts2、Mybatis等），熟知不同流行框架的优缺点；
3、熟悉常用大数据开源工具，如Kafka、Storm、Spark、Hadoop、Hive、Hbase、Mapreduce、ElasticSearch、Flume、Zookeeper等，熟知社区进度和版本特性，具有开源框架下的架构设计能力
4、熟练掌握机构化和非结构化数据库，有相关设计经验，对主流的nosql有深入了解并熟练掌握nosql；
5、具有独立搭建大数据平台环境能力；
6、必须在以下技术领域有一项或多项经验：大型分布式系统，高并发，高负载，高可用性系统；
7、多数据源访问的性能及负载经验；
8、良好的团队协作和抗压能力；
9、有spark stream实战开发经验优先考虑。",南京-江宁区-江宁滨江开发区宝象路50号,2020-05-25 11:18:35灵图软件,25k-35k,大数据开发工程师,北京,经验3-5年,本科及以上,全职,| Spark | Storm |,10:22,餐补，年度体检,岗位职责：,北京-海淀区-上地-东北旺南路29号蓝海中心,2020-05-25 11:19:01音娱时光,20k-35k,大数据开发工程师,北京,经验3-5年,本科及以上,全职,| Hadoop | Scala | Spark | 算法 |,10:23,团队优秀；海外市场；免费餐饮；租房津贴；,岗位职责：,北京-海淀区-北航致真大厦,2020-05-25 11:19:26微聚未来,20k-40k,高级数据分析师,北京,经验3-5年,本科及以上,全职,| 互联网金融 | 借贷 | 数据分析 | MySQL | Spark |,09:49,七险一金、15-20薪、牛人团队,职位描述：,北京-海淀区-西北旺-北京市海淀区中关村软件园二期,2020-05-25 11:19:51邻汇吧,20k-30k,大数据开发工程师,杭州,经验3-5年,学历不限,全职,| 数据挖掘 | 数据仓库 |,10:21,"五险一金(最高比例),福利优厚,期权",我们需要您:,杭州-余杭区-仓前街道良睦路1288号梦想小镇7号楼205室,2020-05-25 11:20:16汇信科技,15k-22k,大数据开发工程师,杭州,经验3-5年,本科及以上,全职,| ETL | 数据挖掘 | 数据架构 | 数据仓库 |,10:22,行业前景,工作职责：,杭州-拱墅区-州市莫干山路18号蓝天商务大厦18楼B座,2020-05-25 11:20:41快手,25k-50k,资深数据分析师,北京,经验3-5年,本科及以上,全职,|,09:58,"年终奖,住房补贴,一日三餐",,北京-海淀区-西二旗-上地西路6号,2020-05-25 11:21:06成都九洲,14k-17k,大数据开发工程师,成都,经验3-5年,本科及以上,全职,| 大数据 |,10:21,国企背景，平台稳定，公司福利丰厚；,"工作内容与职责：
1. 负责大数据平台规划和搭建，完成大数据平台的日常运营工作；
2. 负责大数据技术方向前瞻技术的研究；
3. 负责数据分析相关系统的设计、研发。",成都-高新区-中和-天府软件园A2,2020-05-25 11:21:31中电万维,7k-14k,大数据开发工程师,成都,经验1-3年,本科及以上,全职,| DB2 | DBA | MySQL |,10:24,公司稳定 福利好 13薪 定期体检,大数据工程师：,成都-高新区-东方天祥广场A座2402,2020-05-25 11:21:56览众数据,15k-30k,大数据开发工程师,杭州,经验3-5年,本科及以上,全职,| Hive | Spark | Flink | Hadoop |,10:21,五险一金 绩效奖金,职位描述：,杭州-滨江区-芯图大厦17楼,2020-05-25 11:22:21微博,20k-40k,大数据开发工程师,北京,经验3-5年,学历不限,全职,| Flink | Hadoop | 数据架构 | Java |,10:19,"大平台福利,带薪年假,快速成长","1. 负责大数据平台的架构设计与研发
2. 根据业务需求设计高扩展性、高性能的系统架构和应用架构",北京-海淀区-西北旺东路10号院西区8号楼新浪总部大厦,2020-05-25 11:22:46海万科技,14k-18k,大数据开发工程师,上海,经验3-5年,大专及以上,全职,| ETL | 数据仓库 |,10:13,做五休二，交通便利，大牛团队,岗位职责：,上海-浦东新区-洋泾-中达广场,2020-05-25 11:23:11社员网,15k-25k,大数据开发工程师,西安,经验5-10年,本科及以上,全职,| Hadoop | Spark | Java | 数据仓库 |,10:16,央企 五险一金,岗位职责:,西安-高新技术产业开发区-禾盛京广中心,2020-05-25 11:23:37齐治科技,12k-22k,大数据开发工程师,杭州,经验3-5年,本科及以上,全职,| 工具软件 |,10:20,发展前景 领域前沿企业,岗位描述：,杭州-西湖区-西溪-文一西路588号西溪首座A1-2-726,2020-05-25 11:24:02易流,15k-25k,大数据开发工程师,西安,经验1-3年,本科及以上,全职,| 大数据 | 数据挖掘 | 数据分析 |,10:17,"友好团队,前沿技术,发展平台",岗位职责：,西安-雁塔区-锦业一路68号合众思壮导航产业园A座4楼,2020-05-25 11:24:27灵图软件,25k-35k,大数据开发工程师,北京,经验3-5年,本科及以上,全职,| Spark | Storm |,10:22,餐补，年度体检,岗位职责：,北京-海淀区-上地-东北旺南路29号蓝海中心,2020-05-25 11:25:08音娱时光,20k-35k,大数据开发工程师,北京,经验3-5年,本科及以上,全职,| Hadoop | Scala | Spark | 算法 |,10:23,团队优秀；海外市场；免费餐饮；租房津贴；,岗位职责：,北京-海淀区-北航致真大厦,2020-05-25 11:25:33汇信科技,15k-22k,大数据开发工程师,杭州,经验3-5年,本科及以上,全职,| ETL | 数据挖掘 | 数据架构 | 数据仓库 |,10:22,行业前景,工作职责：,杭州-拱墅区-州市莫干山路18号蓝天商务大厦18楼B座,2020-05-25 11:25:58微聚未来,20k-40k,高级数据分析师,北京,经验3-5年,本科及以上,全职,| 互联网金融 | 借贷 | 数据分析 | MySQL | Spark |,09:49,七险一金、15-20薪、牛人团队,职位描述：,北京-海淀区-西北旺-北京市海淀区中关村软件园二期,2020-05-25 11:26:23览众数据,15k-30k,大数据开发工程师,杭州,经验3-5年,本科及以上,全职,| Hive | Spark | Flink | Hadoop |,10:21,五险一金 绩效奖金,职位描述：,杭州-滨江区-芯图大厦17楼,2020-05-25 11:26:48成都九洲,14k-17k,大数据开发工程师,成都,经验3-5年,本科及以上,全职,| 大数据 |,10:21,国企背景，平台稳定，公司福利丰厚；,"工作内容与职责：
1. 负责大数据平台规划和搭建，完成大数据平台的日常运营工作；
2. 负责大数据技术方向前瞻技术的研究；
3. 负责数据分析相关系统的设计、研发。",成都-高新区-中和-天府软件园A2,2020-05-25 11:27:13中电万维,7k-14k,大数据开发工程师,成都,经验1-3年,本科及以上,全职,| DB2 | DBA | MySQL |,10:24,公司稳定 福利好 13薪 定期体检,大数据工程师：,成都-高新区-东方天祥广场A座2402,2020-05-25 11:27:38微博,20k-40k,大数据开发工程师,北京,经验3-5年,学历不限,全职,| Flink | Hadoop | 数据架构 | Java |,10:19,"大平台福利,带薪年假,快速成长","1. 负责大数据平台的架构设计与研发
2. 根据业务需求设计高扩展性、高性能的系统架构和应用架构",北京-海淀区-西北旺东路10号院西区8号楼新浪总部大厦,2020-05-25 11:28:04海万科技,14k-18k,大数据开发工程师,上海,经验3-5年,大专及以上,全职,| ETL | 数据仓库 |,10:13,做五休二，交通便利，大牛团队,岗位职责：,上海-浦东新区-洋泾-中达广场,2020-05-25 11:28:29社员网,15k-25k,大数据开发工程师,西安,经验5-10年,本科及以上,全职,| Hadoop | Spark | Java | 数据仓库 |,10:16,央企 五险一金,岗位职责:,西安-高新技术产业开发区-禾盛京广中心,2020-05-25 11:28:54齐治科技,12k-22k,大数据开发工程师,杭州,经验3-5年,本科及以上,全职,| 工具软件 |,10:20,发展前景 领域前沿企业,岗位描述：,杭州-西湖区-西溪-文一西路588号西溪首座A1-2-726,2020-05-25 11:29:19易流,15k-25k,大数据开发工程师,西安,经验1-3年,本科及以上,全职,| 大数据 | 数据挖掘 | 数据分析 |,10:17,"友好团队,前沿技术,发展平台",岗位职责：,西安-雁塔区-锦业一路68号合众思壮导航产业园A座4楼,2020-05-25 11:29:44药智网,5k-9k,大数据开发工程师,重庆,经验3-5年,大专及以上,全职,| 医疗健康 | 大数据 | Java | MySQL | Linux | Hive |,10:14,周末双休、节日福利、五险一金,岗位职责：,重庆-南岸区-茶园新区玉马路8号科创园C栋2F（可导航南岸区智慧城市体验中心）,2020-05-25 11:30:09上海意鹰信息技术有限公司,11k-16k,大数据开发工程师,上海,经验3-5年,本科及以上,全职,| 数据挖掘 | 数据分析 | Java | Scala |,10:16,晋升空间大，团队氛围好，领导Nice,岗位职责：,上海-徐汇区-虹梅路-虹漕路461号软件大厦19楼,2020-05-25 11:30:34明略科技集团,18k-30k,大数据开发工程师,北京,经验1-3年,本科及以上,全职,| 电商 | 大数据 | Oracle | Spark | Hadoop |,10:16,行业TOP;团队氛围，晋升空间；福利待遇,"岗位职责：
1. 搭建和持续优化基于Lambda架构的大数据处理平台，支持流式和批式的大数据存储以及数据挖掘需求
2. 搭建和维护数据仓库，与业务部门密切配合，寻求数据层面的业务价值，利用数据推动产品优化
3. 负责数据对接，打通和对外服务的设计、开发和维护，并能保证质量和性能
4. 各种算法模型的工程化实施

岗位要求:
1、计算机及相关专业本科以上学历，具有良好的数学、统计学、计算机相关知识
2、精通常见分布式计算框架和技术原理，如Hadoop、Spark等；熟悉常见的分布式存储相关技术，熟练掌握HDFS，HBase等技术；
3、熟悉数据仓库维度建模理论，2年以上的离线/实时数据仓库经验；
4、熟悉互联网大数据计算领域研发,有TB级及以上大规模数据处理经验者优先，有分布式图数据库经验优先；",北京-朝阳区-望京-望京soho,2020-05-25 11:30:59览众数据,15k-30k,大数据开发工程师,杭州,经验3-5年,本科及以上,全职,| Hive | Spark | Flink | Hadoop |,10:21,五险一金 绩效奖金,职位描述：,杭州-滨江区-芯图大厦17楼,2020-05-25 11:31:40微博,20k-40k,大数据开发工程师,北京,经验3-5年,学历不限,全职,| Flink | Hadoop | 数据架构 | Java |,10:19,"大平台福利,带薪年假,快速成长","1. 负责大数据平台的架构设计与研发
2. 根据业务需求设计高扩展性、高性能的系统架构和应用架构",北京-海淀区-西北旺东路10号院西区8号楼新浪总部大厦,2020-05-25 11:32:05成都九洲,14k-17k,大数据开发工程师,成都,经验3-5年,本科及以上,全职,| 大数据 |,10:21,国企背景，平台稳定，公司福利丰厚；,"工作内容与职责：
1. 负责大数据平台规划和搭建，完成大数据平台的日常运营工作；
2. 负责大数据技术方向前瞻技术的研究；
3. 负责数据分析相关系统的设计、研发。",成都-高新区-中和-天府软件园A2,2020-05-25 11:32:31海万科技,14k-18k,大数据开发工程师,上海,经验3-5年,大专及以上,全职,| ETL | 数据仓库 |,10:13,做五休二，交通便利，大牛团队,岗位职责：,上海-浦东新区-洋泾-中达广场,2020-05-25 11:32:56社员网,15k-25k,大数据开发工程师,西安,经验5-10年,本科及以上,全职,| Hadoop | Spark | Java | 数据仓库 |,10:16,央企 五险一金,岗位职责:,西安-高新技术产业开发区-禾盛京广中心,2020-05-25 11:33:21齐治科技,12k-22k,大数据开发工程师,杭州,经验3-5年,本科及以上,全职,| 工具软件 |,10:20,发展前景 领域前沿企业,岗位描述：,杭州-西湖区-西溪-文一西路588号西溪首座A1-2-726,2020-05-25 11:33:46药智网,5k-9k,大数据开发工程师,重庆,经验3-5年,大专及以上,全职,| 医疗健康 | 大数据 | Java | MySQL | Linux | Hive |,10:14,周末双休、节日福利、五险一金,岗位职责：,重庆-南岸区-茶园新区玉马路8号科创园C栋2F（可导航南岸区智慧城市体验中心）,2020-05-25 11:34:11上海意鹰信息技术有限公司,11k-16k,大数据开发工程师,上海,经验3-5年,本科及以上,全职,| 数据挖掘 | 数据分析 | Java | Scala |,10:16,晋升空间大，团队氛围好，领导Nice,岗位职责：,上海-徐汇区-虹梅路-虹漕路461号软件大厦19楼,2020-05-25 11:34:36明略科技集团,18k-30k,大数据开发工程师,北京,经验1-3年,本科及以上,全职,| 电商 | 大数据 | Oracle | Spark | Hadoop |,10:16,行业TOP;团队氛围，晋升空间；福利待遇,"岗位职责：
1. 搭建和持续优化基于Lambda架构的大数据处理平台，支持流式和批式的大数据存储以及数据挖掘需求
2. 搭建和维护数据仓库，与业务部门密切配合，寻求数据层面的业务价值，利用数据推动产品优化
3. 负责数据对接，打通和对外服务的设计、开发和维护，并能保证质量和性能
4. 各种算法模型的工程化实施

岗位要求:
1、计算机及相关专业本科以上学历，具有良好的数学、统计学、计算机相关知识
2、精通常见分布式计算框架和技术原理，如Hadoop、Spark等；熟悉常见的分布式存储相关技术，熟练掌握HDFS，HBase等技术；
3、熟悉数据仓库维度建模理论，2年以上的离线/实时数据仓库经验；
4、熟悉互联网大数据计算领域研发,有TB级及以上大规模数据处理经验者优先，有分布式图数据库经验优先；",北京-朝阳区-望京-望京soho,2020-05-25 11:35:01邦盛科技,12k-20k,大数据开发工程师,北京,经验3-5年,本科及以上,全职,| Spark | Hadoop | Linux |,10:18,年底双薪 绩效奖金 管理规范 五险一金,岗位职责：,北京-海淀区-三星庄路农业银行北方数据中心,2020-05-25 11:35:26泰隆银行,13k-26k,大数据开发工程师,杭州,经验3-5年,本科及以上,全职,| 大数据 |,10:09,薪酬丰厚，六险二金，福利多,,杭州-上城区-望江-望江东路59号,2020-05-25 11:35:51恒天软件,8k-15k,大数据开发工程师,合肥,经验3-5年,本科及以上,全职,| ETL | Spark | Hadoop | Oracle |,10:14,弹性工作制/六险一金/带薪年假/班车接送,职位要求:,合肥-高新区-望江西路800号动漫基地,2020-05-25 11:36:17摩邑诚,10k-20k,大数据开发工程师,北京,经验1-3年,本科及以上,全职,| 移动互联网 | 广告营销 | Hadoop | Hive | 数据架构 |,10:09,五险一金 团队Nice 出国旅游,职位诱惑：,北京-朝阳区-大望路-建国路93号院万达广场9号楼11层,2020-05-25 11:36:42微微科技有限公司,15k-25k,大数据开发工程师,厦门,经验5-10年,本科及以上,全职,| Hadoop |,10:14,五险一金,"岗位职责：
1、负责业务数据的ETL处理工具开发；
2、负责数据计算作业的开发与优化,为公司数据业务计算提供支持；
3、基于hadoop、hbase、hive、spark、flink等项目进行二次封装开发，为外部业务系统实现上层接入平台；
4、负责大数据集群的运营及部署系统开发。

任职要求:
1、本科及以上学历，计算机、软件、数学或大数据科学相关专业；
2、熟悉linux,精通Java/Scala/Python三种编程语言之一，具有一定的工程开发能力；
3、掌握hadoop、hbase、spark、hive、flink、kafka、presto等大数据常用框架至少一种，有大数据开发经验；
4、熟悉数据仓库模型设计与ETL开发经验 ，掌握常用数据建模方法，具备海量数据加工处理经验；
5、能够对大规模数据处理相关性能问题分析及调优；
6、有hadoop、hbase、spark、hive、flink、kafka、presto、yarn等项目应用及部署操作经验者优先；
7、具备良好的主动工作意识和能力，能主动承担工作压力和自我挑战；
8、喜欢钻研技术，善于学习和运用新知识，具备良好的分析能力及问题处理能力。",厦门-思明区-厦门市思明区中航紫金广场B座6层,2020-05-25 11:37:07富晋天维,18k-22k,大数据开发工程师,深圳,经验3-5年,大专及以上,全职,| 算法 | ETL | 数据分析 | 数据处理 |,10:13,五险一金员工旅游包吃包住通讯交通补贴,岗位职责：,深圳-南山区-南油-创业路海王大厦A座24层,2020-05-25 11:37:33明略科技集团,18k-30k,大数据开发工程师,北京,经验1-3年,本科及以上,全职,| 电商 | 大数据 | Oracle | Spark | Hadoop |,10:16,行业TOP;团队氛围，晋升空间；福利待遇,"岗位职责：
1. 搭建和持续优化基于Lambda架构的大数据处理平台，支持流式和批式的大数据存储以及数据挖掘需求
2. 搭建和维护数据仓库，与业务部门密切配合，寻求数据层面的业务价值，利用数据推动产品优化
3. 负责数据对接，打通和对外服务的设计、开发和维护，并能保证质量和性能
4. 各种算法模型的工程化实施

岗位要求:
1、计算机及相关专业本科以上学历，具有良好的数学、统计学、计算机相关知识
2、精通常见分布式计算框架和技术原理，如Hadoop、Spark等；熟悉常见的分布式存储相关技术，熟练掌握HDFS，HBase等技术；
3、熟悉数据仓库维度建模理论，2年以上的离线/实时数据仓库经验；
4、熟悉互联网大数据计算领域研发,有TB级及以上大规模数据处理经验者优先，有分布式图数据库经验优先；",北京-朝阳区-望京-望京soho,2020-05-25 11:38:14邦盛科技,12k-20k,大数据开发工程师,北京,经验3-5年,本科及以上,全职,| Spark | Hadoop | Linux |,10:18,年底双薪 绩效奖金 管理规范 五险一金,岗位职责：,北京-海淀区-三星庄路农业银行北方数据中心,2020-05-25 11:38:40泰隆银行,13k-26k,大数据开发工程师,杭州,经验3-5年,本科及以上,全职,| 大数据 |,10:09,薪酬丰厚，六险二金，福利多,,杭州-上城区-望江-望江东路59号,2020-05-25 11:39:06恒天软件,8k-15k,大数据开发工程师,合肥,经验3-5年,本科及以上,全职,| ETL | Spark | Hadoop | Oracle |,10:14,弹性工作制/六险一金/带薪年假/班车接送,职位要求:,合肥-高新区-望江西路800号动漫基地,2020-05-25 11:39:32微微科技有限公司,15k-25k,大数据开发工程师,厦门,经验5-10年,本科及以上,全职,| Hadoop |,10:14,五险一金,"岗位职责：
1、负责业务数据的ETL处理工具开发；
2、负责数据计算作业的开发与优化,为公司数据业务计算提供支持；
3、基于hadoop、hbase、hive、spark、flink等项目进行二次封装开发，为外部业务系统实现上层接入平台；
4、负责大数据集群的运营及部署系统开发。

任职要求:
1、本科及以上学历，计算机、软件、数学或大数据科学相关专业；
2、熟悉linux,精通Java/Scala/Python三种编程语言之一，具有一定的工程开发能力；
3、掌握hadoop、hbase、spark、hive、flink、kafka、presto等大数据常用框架至少一种，有大数据开发经验；
4、熟悉数据仓库模型设计与ETL开发经验 ，掌握常用数据建模方法，具备海量数据加工处理经验；
5、能够对大规模数据处理相关性能问题分析及调优；
6、有hadoop、hbase、spark、hive、flink、kafka、presto、yarn等项目应用及部署操作经验者优先；
7、具备良好的主动工作意识和能力，能主动承担工作压力和自我挑战；
8、喜欢钻研技术，善于学习和运用新知识，具备良好的分析能力及问题处理能力。",厦门-思明区-厦门市思明区中航紫金广场B座6层,2020-05-25 11:39:58富晋天维,18k-22k,大数据开发工程师,深圳,经验3-5年,大专及以上,全职,| 算法 | ETL | 数据分析 | 数据处理 |,10:13,五险一金员工旅游包吃包住通讯交通补贴,岗位职责：,深圳-南山区-南油-创业路海王大厦A座24层,2020-05-25 11:40:23数据翎,12k-20k,大数据开发工程师,上海,经验1-3年,本科及以上,全职,| 大数据 | 企业服务 | 搜索 | 数据挖掘 |,10:10,五险一金 周末双休 年底双薪 节日福利,岗位职责：,上海-青浦区-国家会展中心,2020-05-25 11:40:50引粒网络,20k-40k,大数据开发工程师,上海,经验3-5年,本科及以上,全职,| 社交 | MySQL | 数据仓库 |,10:11,极佳的办公环境，发展空间前景好,"工作职责:
1、负责大数据BI系统设计和开发；",上海-黄浦区-五里桥-蒙自路757号歌斐中心36F,2020-05-25 11:41:15嘀嗒出行,15k-25k,大数据开发工程师,北京,经验1-3年,本科及以上,全职,| 大数据 | Java | Hadoop | 数据分析 |,10:10,"数据产品,离线数据,实时数据","职位描述：
1、负责核心数据产品开发； 
2、负责离线/实时数据计算的开发，维护；

职位要求： 
1、本科及以上学历；
2、1年及以上JAVA开发经验，了解设计模式、数据结构；
3、熟练掌握MySql，Redis等数据库的使用和优化；
4、有hive、kylin,、spark、oozie、hue、impala、hbase开发经验者优先；
5、严谨的逻辑思维，强烈的技术热情善于合作喜欢有挑战性的工作；",北京-朝阳区-创远路36号院朝来科技园14号楼5层,2020-05-25 11:41:42海万科技,10k-16k,大数据开发工程师,上海,经验3-5年,本科及以上,全职,| Spark | Storm | Hive | Hadoop |,10:09,五险一金，带薪年假，年终奖，旅游节日礼金,1、 使用大数据相关的技术（HIVE，hadoop，hdfs）解决业务相关问题；,上海-静安区-共和新路1481号,2020-05-25 11:42:08海万科技,14k-18k,大数据开发工程师,上海,经验3-5年,本科及以上,全职,| Hadoop | 数据仓库 | Hive |,10:05,"五险一金,体检旅游,年终奖金,节日礼金",岗位职责：,上海-浦东新区-张江-盛夏路500弄星峰企业园,2020-05-25 11:42:35Hypers,10k-20k,大数据开发工程师,上海,经验不限,本科及以上,全职,| 大数据 | Hadoop | Spark |,10:07,"氛围好,环境好，地铁周边，六险一金","岗位职责：
1、参与分布式服务设计及开发；
2、参与大数据组件、中间件设计及开发；
3、参与公司核心产品、项目研发，针对海量数据开发具有数据收集、统计、分析和挖掘能力的创新型产品；
4、学习并研究大数据技术、最新动向以满足产品、项目的迭代需求。
 
任职资格：
1、扎实的计算机基础，1-3年大数据开发经验，掌握基本设计理念，熟练应用一门以上面向对象开发语言；
2、扎实的数据结构基础，掌握常见算法；
3、对solr、elasticsearch、消息队列等中间件具备基本认识，若有相关领域研究、开发经验则更佳；
4、对关系型/非关系型数据库有一定认识，具备较好数据库的设计理念。
5、对大数据生态有较好认识，具备spark, hive, hadoop, kafka, sqoop, kylin, azkaban等大数据组件开发、调优经验；
6、有docker、k8s等容器使用经验者优先考虑；
7、具备cloudera或hortonworks平台开发、部署经验者优先考虑。
8、拥有个人博客或者有大型项目开发经验者优先考虑。
9、拥有或参与开源项目者优先考虑。
10、基础扎实的应届毕业生优先考虑、培养，共同成长；
11、具备较好的品质，秉持正直、诚实、担当、奉献的价值理念，优秀应届生也可考虑。",上海-黄浦区-黄陂北路227号中区广场2楼,2020-05-25 11:43:01咪咕,15k-20k,大数据开发工程师,成都,经验1-3年,本科及以上,全职,| Hadoop | Oracle | MySQL | DB2 |,10:06,有挑战性、福利好,1、参与大数据相关项目的设计与研发；,成都-高新区-交子大道575号中海国际J座,2020-05-25 11:43:29兔展RABBITPRE,10k-16k,大数据开发工程师,深圳,经验1-3年,本科及以上,全职,| 广告营销 | 企业服务 | Scala | Java | Linux |,10:01,"扁平化管理,职位空间大,福利待遇好",岗位职责：,深圳-南山区-深圳湾科技生态园9栋B4座429室,2020-05-25 11:43:55PerfMa,20k-40k,大数据开发工程师,杭州,经验3-5年,本科及以上,全职,| 企业服务 | 大数据 | Flink | Java | 数据架构 |,10:03,技术成长,【我们希望的你】,杭州-西湖区-文一西路588号西溪首座A1-1521室,2020-05-25 11:44:22引粒网络,20k-40k,大数据开发工程师,上海,经验3-5年,本科及以上,全职,| 社交 | MySQL | 数据仓库 |,10:11,极佳的办公环境，发展空间前景好,"工作职责:
1、负责大数据BI系统设计和开发；",上海-黄浦区-五里桥-蒙自路757号歌斐中心36F,2020-05-25 11:45:04嘀嗒出行,15k-25k,大数据开发工程师,北京,经验1-3年,本科及以上,全职,| 大数据 | Java | Hadoop | 数据分析 |,10:10,"数据产品,离线数据,实时数据","职位描述：
1、负责核心数据产品开发； 
2、负责离线/实时数据计算的开发，维护；

职位要求： 
1、本科及以上学历；
2、1年及以上JAVA开发经验，了解设计模式、数据结构；
3、熟练掌握MySql，Redis等数据库的使用和优化；
4、有hive、kylin,、spark、oozie、hue、impala、hbase开发经验者优先；
5、严谨的逻辑思维，强烈的技术热情善于合作喜欢有挑战性的工作；",北京-朝阳区-创远路36号院朝来科技园14号楼5层,2020-05-25 11:45:31Hypers,10k-20k,大数据开发工程师,上海,经验不限,本科及以上,全职,| 大数据 | Hadoop | Spark |,10:07,"氛围好,环境好，地铁周边，六险一金","岗位职责：
1、参与分布式服务设计及开发；
2、参与大数据组件、中间件设计及开发；
3、参与公司核心产品、项目研发，针对海量数据开发具有数据收集、统计、分析和挖掘能力的创新型产品；
4、学习并研究大数据技术、最新动向以满足产品、项目的迭代需求。
 
任职资格：
1、扎实的计算机基础，1-3年大数据开发经验，掌握基本设计理念，熟练应用一门以上面向对象开发语言；
2、扎实的数据结构基础，掌握常见算法；
3、对solr、elasticsearch、消息队列等中间件具备基本认识，若有相关领域研究、开发经验则更佳；
4、对关系型/非关系型数据库有一定认识，具备较好数据库的设计理念。
5、对大数据生态有较好认识，具备spark, hive, hadoop, kafka, sqoop, kylin, azkaban等大数据组件开发、调优经验；
6、有docker、k8s等容器使用经验者优先考虑；
7、具备cloudera或hortonworks平台开发、部署经验者优先考虑。
8、拥有个人博客或者有大型项目开发经验者优先考虑。
9、拥有或参与开源项目者优先考虑。
10、基础扎实的应届毕业生优先考虑、培养，共同成长；
11、具备较好的品质，秉持正直、诚实、担当、奉献的价值理念，优秀应届生也可考虑。",上海-黄浦区-黄陂北路227号中区广场2楼,2020-05-25 11:45:57腾讯,18k-30k,25925-大数据开发工程师（深圳）,深圳,经验3-5年,本科及以上,全职,| Hadoop |,11:39,绩效奖金、五险一金、免费早餐、带薪休假,,深圳-南山区-科技园-科兴科学园,2020-05-25 11:46:25腾讯,25k-50k,APM大数据开发工程师,上海,经验3-5年,本科及以上,全职,| 工具软件 | 移动互联网 | Hadoop | Flink | Spark | 数据分析 |,11:39,福利待遇/年终奖/职业发展,"岗位职责：
1. 负责WeTest APM大数据平台的后台架构方案的选型、设计和开发；
2. 负责数据处理流程的设计、开发和持续优化；
3. 负责大数据处理模块核心功能的开发。",上海-徐汇区-漕宝路-古美路1528号漕河泾现代服务园区大厦A1号楼,2020-05-25 11:46:52海万科技,10k-16k,大数据开发工程师,上海,经验3-5年,本科及以上,全职,| Spark | Storm | Hive | Hadoop |,10:09,五险一金，带薪年假，年终奖，旅游节日礼金,1、 使用大数据相关的技术（HIVE，hadoop，hdfs）解决业务相关问题；,上海-静安区-共和新路1481号,2020-05-25 11:47:19海万科技,14k-18k,大数据开发工程师,上海,经验3-5年,本科及以上,全职,| Hadoop | 数据仓库 | Hive |,10:05,"五险一金,体检旅游,年终奖金,节日礼金",岗位职责：,上海-浦东新区-张江-盛夏路500弄星峰企业园,2020-05-25 11:47:46咪咕,15k-20k,大数据开发工程师,成都,经验1-3年,本科及以上,全职,| Hadoop | Oracle | MySQL | DB2 |,10:06,有挑战性、福利好,1、参与大数据相关项目的设计与研发；,成都-高新区-交子大道575号中海国际J座,2020-05-25 11:48:14兔展RABBITPRE,10k-16k,大数据开发工程师,深圳,经验1-3年,本科及以上,全职,| 广告营销 | 企业服务 | Scala | Java | Linux |,10:01,"扁平化管理,职位空间大,福利待遇好",岗位职责：,深圳-南山区-深圳湾科技生态园9栋B4座429室,2020-05-25 11:48:41PerfMa,20k-40k,大数据开发工程师,杭州,经验3-5年,本科及以上,全职,| 企业服务 | 大数据 | Flink | Java | 数据架构 |,10:03,技术成长,【我们希望的你】,杭州-西湖区-文一西路588号西溪首座A1-1521室,2020-05-25 11:49:06申朴信息,15k-25k,大数据开发工程师,深圳,经验5-10年,大专及以上,全职,| Oracle | Hive | MySQL |,10:03,大型金融项目、大型保险项目,1、  熟练掌握HIVESQL开发语言，精通HIVESQL优化，并能结合数据仓库的最佳实践不断调整、优化仓库设计。,深圳-南山区-大冲-高新园,2020-05-25 11:49:31智慧芽,15k-25k,大数据开发工程师,苏州,经验不限,学历不限,全职,| 数据处理 | Java |,09:59,管理偏平、老板NICE、上班不打卡,,苏州-工业园区-新平街388号腾飞创新园塔楼C9F,2020-05-25 11:49:56莉莉丝游戏,12k-24k,大数据开发工程师,上海,经验3-5年,本科及以上,全职,| 游戏 |,10:02,"弹性工作,福利待遇好,工作氛围好","1） 大数据平台相关业务组件开发
2) 根据业务需求更新大数据平台的数据架构
3) 部署和维护机器学习算法平台以及算法模型流水线
4 大数据平台运维",上海-闵行区-上海市闵行区莲花路1978号华纳时尚酒店园区新意城B栋2楼,2020-05-25 11:50:21伽轩,18k-25k,大数据开发工程师,深圳,经验不限,本科及以上,全职,| 互联网金融 | 保险 |,11:48,行业知名企业，平台稳定，团队大牛多,岗位一：,深圳-福田区-平安金融中心,2020-05-25 11:50:47数位科技,18k-30k,大数据开发工程师,深圳,经验3-5年,本科及以上,全职,| 大数据 | Spark | Hadoop | 数据架构 | 数据仓库 |,10:00,大数据 发展前景好 有竞争力薪酬体系好,岗位职责：,深圳-南山区-科苑南路彩讯科创中心29楼,2020-05-25 11:51:12PerfMa,20k-40k,大数据开发工程师,杭州,经验3-5年,本科及以上,全职,| 企业服务 | 大数据 | Flink | Java | 数据架构 |,10:03,技术成长,【我们希望的你】,杭州-西湖区-文一西路588号西溪首座A1-1521室,2020-05-25 11:51:57申朴信息,15k-25k,大数据开发工程师,深圳,经验5-10年,大专及以上,全职,| Oracle | Hive | MySQL |,10:03,大型金融项目、大型保险项目,1、  熟练掌握HIVESQL开发语言，精通HIVESQL优化，并能结合数据仓库的最佳实践不断调整、优化仓库设计。,深圳-南山区-大冲-高新园,2020-05-25 11:52:22智慧芽,15k-25k,大数据开发工程师,苏州,经验不限,学历不限,全职,| 数据处理 | Java |,09:59,管理偏平、老板NICE、上班不打卡,,苏州-工业园区-新平街388号腾飞创新园塔楼C9F,2020-05-25 11:52:47莉莉丝游戏,12k-24k,大数据开发工程师,上海,经验3-5年,本科及以上,全职,| 游戏 |,10:02,"弹性工作,福利待遇好,工作氛围好","1） 大数据平台相关业务组件开发
2) 根据业务需求更新大数据平台的数据架构
3) 部署和维护机器学习算法平台以及算法模型流水线
4 大数据平台运维",上海-闵行区-上海市闵行区莲花路1978号华纳时尚酒店园区新意城B栋2楼,2020-05-25 11:53:12数位科技,18k-30k,大数据开发工程师,深圳,经验3-5年,本科及以上,全职,| 大数据 | Spark | Hadoop | 数据架构 | 数据仓库 |,10:00,大数据 发展前景好 有竞争力薪酬体系好,岗位职责：,深圳-南山区-科苑南路彩讯科创中心29楼,2020-05-25 11:53:38热云数据,15k-30k,大数据开发工程师,北京,经验3-5年,本科及以上,全职,| 大数据 | 企业服务 | Scala | Java |,09:59,17薪，午休两小时,岗位职责:,北京-朝阳区-望京-望京绿地中心中国锦40层4002,2020-05-25 11:54:04爱可生,13k-26k,大数据开发工程师,上海,经验3-5年,本科及以上,全职,| Hadoop | Spark | SQLServer |,09:51,"新三板,团建,餐补,旅游",岗位职责：,上海-徐汇区-虹梅路1905号甲楼4层(远中科研楼）,2020-05-25 11:54:30宁波中茂网络科技有限公司杭州分公司,20k-30k,大数据开发工程师,杭州,经验3-5年,大专及以上,全职,| 云计算 | 大数据 | 数据架构 | 数据分析 |,09:51,稳定的平台,职位描述：,杭州-拱墅区-祥园路39-2号2幢5楼,2020-05-25 11:54:57搜狐集团,20k-40k,大数据开发工程师,北京,经验3-5年,本科及以上,全职,| Scala | Hadoop | Java |,09:47,广告平台，大数据平台,岗位职责：,北京-海淀区-搜狐媒体大厦,2020-05-25 11:55:23百观Lab,20k-35k,大数据开发工程师,北京,经验5-10年,本科及以上,全职,| Hive | 数据挖掘 |,09:51,"高成长空间,有挑战性,福利待遇好",岗位职责】,北京-东城区-东四-东直门南大街1号来福士中心办公楼2002B,2020-05-25 11:55:49NIO蔚来,10k-20k,大数据开发工程师,合肥,经验1-3年,本科及以上,全职,| Spark | Hadoop |,09:52,上市公司 成熟平台 福利好 上升期,工作职责,合肥-经济技术开发区-经开区,2020-05-25 11:56:16海万科技,12k-20k,大数据开发工程师,上海,经验3-5年,本科及以上,全职,| 大数据 | 数据挖掘 | 数据仓库 |,10:02,"五险一金,年终奖,体检旅游,过节费",技能要求：,上海-徐汇区-斜土路-凯滨路206号,2020-05-25 11:56:43趣头条,30k-60k,大数据开发工程师,北京,经验3-5年,本科及以上,全职,| Spark | ETL | 算法 |,09:50,领导nice ，氛围好,"岗位名称：大数据开发工程师
职位描述
1、负责趣头条数据中台，全公司各类业务数据仓库的构建；
2、负责数据模型的设计，ETL实施、ETL性能优化、ETL数据监控以及一系列技术问题的解决；
3、负责构建用户主题、各业务线主题、推荐主题、广告主题、数据门户系统；
4、负责各产品线数据维护，提升数据资产质量。
职位要求
1、计算机、数学相关专业本科及以上学历，2年以上大数据开发工作经验；
2、 深入理解常用的数据建模理论，可独立把控数据仓库的各层级设计；有数据挖掘，机器学习，推荐相关经验优先；
3、熟悉Aerospike和Clickhouse的同学优先考虑，熟练掌握Hive/SQL，熟悉Spark/Map-Reduce分布式计算框架，熟悉大数据的离线和实时处理，可以进行海量数据模型的设计、开发；
4、有产品sense，主动思考基于业务场景下的数据体系建设，而不单单只会做执行；
5、工作认真，负责，良好的团队合作精神和解决问题分析能力，钻研技术克服困难，勇于挑战。",北京-海淀区-北京市海淀区大恒科技大厦,2020-05-25 11:57:09上海鲲驰贸易发展有限公司,20k-30k,大数据开发工程师,上海,经验3-5年,大专及以上,全职,| 电商 | 数据架构 | 数据仓库 |,09:34,"工作氛围好,发展空间大","1.参与大数据平台的各种数据产品的需求调研、（维度等）模型设计、架构及关键模块的设计和开发；
2.参与数据仓库/BI需求调研和需求分析，能独立主导数据仓库、数据集市的模型设计；
3.参与平台数据采集、数据传输，数据转换、规则引擎等的数据接口规范定义；
4.参与搭建平台级数据治理体系；
5.参与或负责大数据平台运维团队的日常系统调优及各种疑难问题排查。",上海-浦东新区-海市浦东新区丹桂路899号国创中心二期1号楼,2020-05-25 11:57:37盛业资本,15k-25k,大数据开发工程师,深圳,经验3-5年,本科及以上,全职,| 投资/融资 | ETL | Hadoop | Hive | Spark |,09:44,香港上市公司，14~17薪,岗位描述,深圳-福田区-中心四路1-1号嘉里建设广场二座10楼,2020-05-25 11:58:03微拍堂,20k-40k,大数据开发工程师,杭州,经验5-10年,学历不限,全职,| 电商 | 大数据 | Java |,09:35,年底双薪，出国游,职位描述：,杭州-西湖区-西湖-文三路408号5号楼411室,2020-05-25 11:58:45明略科技集团,20k-30k,大数据开发工程师,北京,经验3-5年,本科及以上,全职,| Hadoop | MySQL | 数据架构 | 数据仓库 |,09:41,六险一金，扁平化管理，年终奖丰厚,岗位职责：负责数据中台的汇聚和采集ETL详细设计和开发工作；,北京-海淀区-西三旗-东升科技园,2020-05-25 11:59:11吉利科技集团,15k-30k,大数据开发工程师,杭州,经验5-10年,本科及以上,全职,| Flink | Linux | 数据处理 | Hive |,09:39,大平台 年终奖,"岗位职责：
1、负责实时数仓/风控/数据化营销等系统建设
2、研发高可靠、高可扩展、易用的公司统一大数据平台，包括大规模工作流调度、异构数据源交换和同步、数据服务化、数据开发平台（包括离线和实时计算）、智能数据构建和建模、数据全链路智能分析和优化等核心大数据系统和工具链的研发和性能优化；
3、负责流式数据的实时传递，清洗，转换，计算，并对外提供快速、准确、稳定的查询服务；
4、开发各种BI分析s模型响应产品需求.
任职要求：
1、本科及以上学历，5年以上相关工作经验，熟练掌握Flink\ClickHouse等大数据开发技术；
2、参与或主导过大型数据平台建设项目，对大数据平台有整体的感知和把控能力，有实时数仓/风控/数据化营销等数据产品优先；
3、熟悉分布式基本原理，对高可靠，高并发，高吞吐系统特性有一定理解。
4、精通Java，具备较强的分布式架构和研发实现能力，具备良好的编码习惯和文档撰写能力；
5、Linux操作系统基础扎实，对操作系统原理有一定了解；
6、对一站式数据开发平台和自动化数据构建平台等数据中台系统，比如Dataworks和Dataphin，有一定的了解；
7、具有良好的抗压能力，较强的故障分析排查能力，有很好的技术敏感度和风险识别能力。",杭州-滨江区-西兴-江陵路1760号,2020-05-25 11:59:39大启科技,20k-40k,大数据开发工程师,上海,经验5-10年,本科及以上,全职,| 新零售 | MySQL | Java |,09:24,薪资高加班少，世界五百强新零售，技术大牛,岗位职责：,上海-徐汇区-岳阳-淮海中路1045号淮海国际,2020-05-25 12:00:06网易,15k-25k,大数据开发工程师,广州,经验1-3年,学历不限,全职,| 大数据 | 移动互联网 | Hadoop | Spark | Scala | Java |,09:36,"福利待遇,发展前景",职位描述：,广州-天河区-科韵路16号广州信息港E栋网易大厦,2020-05-25 12:00:313K游戏,20k-30k,大数据开发工程师,广州,经验3-5年,本科及以上,全职,| 算法 | ETL | Java | Hadoop |,09:29,**技术专家 技术大牛 技术氛围好,职位描述：,广州-天河区-棠下-中山大道西汇鑫商业大厦3楼,2020-05-25 12:00:56博维,25k-40k,大数据开发工程师,广州,经验5-10年,本科及以上,全职,| 大数据 | Hive | Scala | Hadoop | Spark |,09:31,五险一金，定期旅游，周末双休，弹性工作,岗位职责：,广州-天河区--中信广场中天购物城5楼,2020-05-25 12:01:22泰康保险集团,20k-40k,大数据开发工程师,北京,经验5-10年,本科及以上,全职,| 医疗健康 | 移动互联网 | Hadoop | Java | Storm |,09:28,"500强,班车食堂",职位诱惑：,北京-昌平区-北清路生命科学园,2020-05-25 12:01:49企迈云商,12k-16k,大数据开发工程师,合肥,经验3-5年,本科及以上,全职,| 数据处理 | 数据仓库 |,09:26,周末双休、五险一金、节日福利、年终奖,岗位职责：,合肥-蜀山区-肥市高新区文曲路合肥创新产业园C1栋10楼,2020-05-25 12:02:17高奈特,20k-25k,大数据开发工程师,广州,经验3-5年,学历不限,全职,| Spark | Hadoop | Java |,09:29,五险一金、节日福利、生日福利、定期团建,岗位职责：,广州-荔湾区-芳村-广州市荔湾区浣花路109号东鹏德宝商务中心10楼8108,2020-05-25 12:02:42锐思科集团,15k-22k,大数据开发工程师,重庆,经验5-10年,本科及以上,全职,| 数据挖掘 | Hadoop | Spark | 数据仓库 |,09:26,年底双薪，年终分红，团队氛围nice,【岗位职责】：,重庆-渝北区-鸳鸯-赛迪路金山商业中心A座23F,2020-05-25 12:03:07幸福商城,18k-25k,大数据开发工程师,深圳,经验3-5年,本科及以上,全职,| 电商 | Hadoop | Scala |,09:15,发展空间大、绩效奖金,岗位职责：,深圳-南山区-西丽-留仙洞地铁站B出口凯达尔大厦A栋23层,2020-05-25 12:03:32武汉佰钧成技术有限责任公司,15k-30k,大数据开发工程师,深圳,经验1-3年,本科及以上,全职,| 数据仓库 |,09:24,"平台有前景,学习提升,岗位稳定",1.负责应用模块数据仓库的设计和开发,深圳-龙华新区-龙华新区清祥路1号宝能科技园宝创大厦9栋C座7F,2020-05-25 12:04:00OPPO,20k-40k,数据分析专家,深圳,经验5-10年,本科及以上,全职,| 领导力 | 团队建设 |,11:10,海景办公,岗位职责：,深圳-南山区-南山区中国华润大厦,2020-05-25 12:04:28安恒信息,15k-25k,大数据开发工程师,杭州,经验3-5年,学历不限,全职,| 信息安全 | Spark | Hadoop |,09:17,上市公司 五险一金,岗位职责：,杭州-滨江区-西兴-西兴街道联慧街188号安恒大厦,2020-05-25 12:04:53腾讯,30k-60k,金融大数据高级JAVA开发工程师,深圳,经验3-5年,本科及以上,全职,| Java |,11:43,大平台，业务前景好，发展空间大,"1.负责腾讯互联网金融大数据应用类系统(如资产证券化项目、精准推荐、智能客服、大数据平台等)的开发工作，提供复杂系统的设计支持，推动业务和技术的融合落地；
2.负责相关技术文档编写工作；
3.主导技术难点攻关，持续提升系统在海量数据、高并发下的处理性能，解决系统潜在技术风险。",深圳-南山区-南油-腾讯滨海大厦,2020-05-25 12:05:35海万科技,10k-16k,大数据开发工程师,上海,经验3-5年,本科及以上,全职,| Spark | Storm | Hive | Hadoop |,10:09,五险一金，带薪年假，年终奖，旅游节日礼金,1、 使用大数据相关的技术（HIVE，hadoop，hdfs）解决业务相关问题；,上海-静安区-共和新路1481号,2020-05-25 12:06:00高奈特,20k-25k,大数据开发工程师,广州,经验3-5年,学历不限,全职,| Spark | Hadoop | Java |,09:29,五险一金、节日福利、生日福利、定期团建,岗位职责：,广州-荔湾区-芳村-广州市荔湾区浣花路109号东鹏德宝商务中心10楼8108,2020-05-25 12:06:25锐思科集团,15k-22k,大数据开发工程师,重庆,经验5-10年,本科及以上,全职,| 数据挖掘 | Hadoop | Spark | 数据仓库 |,09:26,年底双薪，年终分红，团队氛围nice,【岗位职责】：,重庆-渝北区-鸳鸯-赛迪路金山商业中心A座23F,2020-05-25 12:06:50幸福商城,18k-25k,大数据开发工程师,深圳,经验3-5年,本科及以上,全职,| 电商 | Hadoop | Scala |,09:15,发展空间大、绩效奖金,岗位职责：,深圳-南山区-西丽-留仙洞地铁站B出口凯达尔大厦A栋23层,2020-05-25 12:07:15武汉佰钧成技术有限责任公司,15k-30k,大数据开发工程师,深圳,经验1-3年,本科及以上,全职,| 数据仓库 |,09:24,"平台有前景,学习提升,岗位稳定",1.负责应用模块数据仓库的设计和开发,深圳-龙华新区-龙华新区清祥路1号宝能科技园宝创大厦9栋C座7F,2020-05-25 12:07:40OPPO,20k-40k,数据分析专家,深圳,经验5-10年,本科及以上,全职,| 领导力 | 团队建设 |,11:10,海景办公,岗位职责：,深圳-南山区-南山区中国华润大厦,2020-05-25 12:08:06安恒信息,15k-25k,大数据开发工程师,杭州,经验3-5年,学历不限,全职,| 信息安全 | Spark | Hadoop |,09:17,上市公司 五险一金,岗位职责：,杭州-滨江区-西兴-西兴街道联慧街188号安恒大厦,2020-05-25 12:08:31云途物流,11k-18k,大数据开发工程师,深圳,经验1-3年,本科及以上,全职,| 大数据 | 物流 | Flink | Hadoop | Java | Hive |,09:12,年假 月度聚餐 近地铁,"岗位职责:
1、负责大数据平台的数据开发工作，包括数据中台组件选型及搭建、数据架构开发；
2、负责离线/实时的数据存储和加工处理，保证数据质量，负责数据监体系的建立和维护；
3、负责海量数据的清洗、处理和挖掘工作，支持数据分析师和算法工程师的数据需求；
4、研究前沿技术，解决实际场景中的业务问题，优化离线/实时大数据计算任务的性能；

任职要求:
1、计算机或相关专业本科及以上学历，2年以上大数据开发经验；
2、熟练掌握scala/Java语言，Spark、Sparkstreaming编程.，扎实的数据结构和算法功
底；
3、具有丰富的数据加工处理经验，对数据处理、数据清洗，数据建模、数据分析等有深刻
认识和实战经验；
4、熟练使用spark、Flink、mapreduce等进行数据加工；熟悉hive、spark的编写和性
能调优；
5、基于clouderaHadoop/Spark/Hive等分布式系统的大数据应用开发经验；
6、熟练使用ETL工具如Kettle、Ogg等进行数据清洗、转换、整合。
7、和合作意识，强烈的责任心，对工作有激情，良好的沟通能力；清晰的逻辑分析和表达
能力，热爱技术，乐于分享，对行业和技术的发展有自己的见解；
8、良好的团队精神",深圳-龙岗区-坂田-创汇国际中心15楼云途物流（纵腾集团）,2020-05-25 12:08:56苏州精正,20k-40k,大数据开发工程师,北京,经验5-10年,本科及以上,全职,| 大数据 | Java |,09:14,背景雄厚 技术大牛,职位描述:,北京-西城区-展览路-北京西城区阜成门外大街京润大厦,2020-05-25 12:09:21趣头条,150k-200k,数据分析实习生,上海,经验应届毕业生,硕士及以上,实习,| Hive | 数据库 | 数据分析 |,11:11,不打卡 福利好 餐补 房补,"岗位职责：
1、 与业务方沟通相关需求，承担基础数据统计、数据分析、数据可视化等数据工作；
2 、进行商业数据分析、理顺业务数据链路和指标框架、深入专题分析，为公司运营提供数据策略支持；
3、与业务部门协作进行数据分析工作，推动部门的数据化运营；
4、对数据有敏感性，能够对数据进行深入分析，撰写周报、月报等报告。

岗位要求：
1、 本科或硕士以上学历，统计、数学、计算机相关专业；
2 、熟悉SQL/数据库/hive，精通R/python进行数据分析建模；
3、具备良好的沟通过能力；
4、具备良好的数据敏感性以及分析思路；
5 、了解互联网业务数据 或在互联网公司实习过优先；",上海-浦东新区-张江-申江路5005弄星创科技广场,2020-05-25 12:09:46博纳德,15k-23k,大数据开发工程师,广州,经验3-5年,本科及以上,全职,| Storm | ETL | Flink | 数据仓库 |,09:09,发展潜力大；薪资福利好,1、负责海量数据的分析、开发、设计等工作；,广州-天河区-天河公园-建中路51-53号佳都新太大厦1号楼3楼--未来社区,2020-05-25 12:10:12上海银科创展投资集团有限公司,15k-30k,大数据开发工程师,上海,经验3-5年,本科及以上,全职,| Java | Scala | Spark | Hive |,09:01,上市公司,岗位职责：,上海-浦东新区-陆家嘴-浦电路360号陆家嘴投资大厦,2020-05-25 12:10:37腾讯,25k-50k,APM大数据开发工程师,上海,经验3-5年,本科及以上,全职,| 工具软件 | 移动互联网 | Hadoop | Flink | Spark | 数据分析 |,11:39,福利待遇/年终奖/职业发展,"岗位职责：
1. 负责WeTest APM大数据平台的后台架构方案的选型、设计和开发；
2. 负责数据处理流程的设计、开发和持续优化；
3. 负责大数据处理模块核心功能的开发。",上海-徐汇区-漕宝路-古美路1528号漕河泾现代服务园区大厦A1号楼,2020-05-25 12:11:03腾讯,18k-30k,25925-大数据开发工程师（深圳）,深圳,经验3-5年,本科及以上,全职,| Hadoop |,11:39,绩效奖金、五险一金、免费早餐、带薪休假,,深圳-南山区-科技园-科兴科学园,2020-05-25 12:11:28上海银科创展投资集团有限公司,15k-30k,大数据开发工程师,上海,经验3-5年,本科及以上,全职,| Java | Scala | Spark | Hive |,09:01,上市公司,岗位职责：,上海-浦东新区-陆家嘴-浦电路360号陆家嘴投资大厦,2020-05-25 12:12:10马上金融,15k-30k,大数据开发工程师,北京,经验3-5年,本科及以上,全职,| Hadoop | Java |,08:59,五险一金 丰厚年终奖 持牌金融公司,工作职责,北京-朝阳区-望京-金辉大厦,2020-05-25 12:12:35格蒂电力,9k-18k,大数据开发工程师,天津,经验3-5年,大专及以上,全职,| 数据处理 |,08:43,ODS 数据存储,1、数据接入程序部署及测试，存储数据迁移。,天津-河北区-建国道74号,2020-05-25 12:13:01博悦科创,12k-17k,大数据开发工程师,深圳,经验1-3年,本科及以上,全职,| Spark | Hadoop |,10:30,年终奖，下午茶,工作职责：,深圳-福田区-购物公园-平安金融中心,2020-05-25 12:13:26方纬科技,12k-18k,大数据开发工程师,上海,经验3-5年,本科及以上,全职,| 大数据 |,10:31,五险一金，年终奖金，项目奖金，旅游体检,职位描述：,上海-浦东新区-南码头-上海市浦东新区杨高南路5000号公安局交通警察总队,2020-05-25 12:13:54恒大智慧科技有限公司,30k-40k,大数据开发工程师,深圳,经验5-10年,本科及以上,全职,| Hadoop | Spark | Storm |,08:47,世界500强 福利好,岗位职责：,深圳-南山区-航天科技广场A座,2020-05-25 12:14:19微博,20k-40k,大数据开发工程师,北京,经验3-5年,学历不限,全职,| Flink | Hadoop | 数据架构 | Java |,10:19,"大平台福利,带薪年假,快速成长","1. 负责大数据平台的架构设计与研发
2. 根据业务需求设计高扩展性、高性能的系统架构和应用架构",北京-海淀区-西北旺东路10号院西区8号楼新浪总部大厦,2020-05-25 12:14:45中寰卫星,20k-40k,大数据开发工程师,北京,经验5-10年,本科及以上,全职,| 汽车 | 移动互联网 | Hadoop | Spark | 数据仓库 | 数据库开发 |,10:24,"弹性工作,试用期全薪,福利待遇好",岗位职责:,北京-海淀区-丰豪东路四维图新大厦,2020-05-25 12:15:10猛犸科技,10k-20k,高级数据分析师,上海,经验1-3年,本科及以上,全职,| 数据分析 |,10:38,五险一金、补充商业医疗保险、带薪年假,岗位职责：,上海-徐汇区-龙华-龙兰路277号东航滨江中心1号楼1701,2020-05-25 12:15:36汇信科技,15k-22k,大数据开发工程师,杭州,经验3-5年,本科及以上,全职,| ETL | 数据挖掘 | 数据架构 | 数据仓库 |,10:22,行业前景,工作职责：,杭州-拱墅区-州市莫干山路18号蓝天商务大厦18楼B座,2020-05-25 12:16:01览众数据,15k-30k,大数据开发工程师,杭州,经验3-5年,本科及以上,全职,| Hive | Spark | Flink | Hadoop |,10:21,五险一金 绩效奖金,职位描述：,杭州-滨江区-芯图大厦17楼,2020-05-25 12:16:30广发证券,25k-35k,高级数据分析师,深圳,经验3-5年,本科及以上,全职,| Oracle | MySQL |,10:37,"季度奖,年终奖,牛人多,环境好",岗位职责,深圳-南山区-后海-中洲控股大厦,2020-05-25 12:16:55成都九洲,14k-17k,大数据开发工程师,成都,经验3-5年,本科及以上,全职,| 大数据 |,10:21,国企背景，平台稳定，公司福利丰厚；,"工作内容与职责：
1. 负责大数据平台规划和搭建，完成大数据平台的日常运营工作；
2. 负责大数据技术方向前瞻技术的研究；
3. 负责数据分析相关系统的设计、研发。",成都-高新区-中和-天府软件园A2,2020-05-25 12:17:22中电万维,7k-14k,大数据开发工程师,成都,经验1-3年,本科及以上,全职,| DB2 | DBA | MySQL |,10:24,公司稳定 福利好 13薪 定期体检,大数据工程师：,成都-高新区-东方天祥广场A座2402,2020-05-25 12:17:47爱奇艺,24k-45k,大数据开发工程师,北京,经验3-5年,本科及以上,全职,| 移动互联网 | 算法 | 数据仓库 | 数据架构 | Hive |,08:41,海外业务 大平台 扁平化管理 发展空间大,岗位职责：,北京-海淀区-中关村-海淀北一街2号爱奇艺创新大厦,2020-05-25 12:18:14天下秀,15k-20k,数据分析师,北京,经验1-3年,本科及以上,全职,| 移动互联网 |,12:06,五险一金；领导nice；团队氛围好,职位描述：,北京-朝阳区-三里屯-三里屯西五街五号院D座3层,2020-05-25 12:18:5758到家,18k-35k,高级数据分析师,北京,经验5-10年,本科及以上,全职,| 电商 | 移动互联网 | BI | 数据分析 | 数据运营 | SQL |,12:05,"公司靠谱,产品靠谱,领导靠谱,团队靠谱",岗位职责：,北京-朝阳区-奥运村-大羊坊10号桑普大厦,2020-05-25 12:19:23单创,15k-30k,资深数据分析师,杭州,经验5-10年,本科及以上,全职,| 电商 | 移动互联网 | MySQL | 数据分析 |,12:03,前景可期 成长速度快,,杭州-江干区-东方电子商务园九盛路9号A11幢2号门6楼603室,2020-05-25 12:19:48掌门1对1在线教育,15k-25k,数据分析专员,上海,经验3-5年,本科及以上,全职,| 教育 | 移动互联网 | 商业 | 数据分析 | SQL |,12:02,14薪 员工旅游 定期体检 五险一金,职位描述：,上海-虹口区-四平路-海伦路地铁站1号口金融街D栋,2020-05-25 12:20:1755海淘,15k-30k,数据分析师,上海,经验3-5年,本科及以上,全职,| 电商 | SPSS | DBA | SQL | 数据库 |,12:08,"平台大,发展快,环境佳","职责描述：
●快速并充分理解产品和业务，构建分析指标体系；
●对业务相关的内外部数据高度敏感，擅长针对公司业务相关进行内外部信息收集、数据整合、研究分析；
●能具体策划和实施用户研究等 (互联网)市场调研活动；
●进行数据可视化呈现，运用图表有效表达分析观点，在数据报告中给出分析结论及策略建议；
●快速高质完成(中)英文数据分析报告，以提供或售卖给第三方参考使用。
 
职位要求：
●全日制本科及以上学历，数学、统计、市场营销、心理学、社会学等相关专业，具备优秀的英语读写能力；
●3年及以上数据运营、商业咨询、数据分析等相关工作经验，具备数据提取、校验、异常排查、可视化分析和总结归纳能力；熟悉有关市场调研、数据收集、清洗整理和分析相关的一整套流程和方法；
●有市场调研或咨询行业背景，尤其是互联网行业研究经验者优先；
●熟练使用SQL，熟悉SPSS、Python、Tableau或Power BI等分析工具，优秀的EXCEL、PPT等Office软件应用技能，数据可视化经验丰富，数据分析技能与报告呈现能力优秀；
●良好的逻辑思考能力、学习能力、沟通协作能力，责任心强。",上海-徐汇区-宜山路1388号民润大厦3号楼5层,2020-05-25 12:20:42完美世界,10k-15k,数据分析师,北京,经验不限,本科及以上,全职,| 游戏 | 数据分析 | 数据运营 |,11:58,优秀项目 优秀团队,【岗位职责:】,北京-朝阳区-大屯-北苑路86号完美世界大厦,2020-05-25 12:21:09数位科技,18k-35k,数据分析师,深圳,经验3-5年,本科及以上,全职,| 商业 | 数据分析 |,11:59,大牛团队 办公环境好,岗位职责：,深圳-南山区-科苑南路彩讯科创中心29楼,2020-05-25 12:21:34叽里呱啦,18k-25k,高级数据分析师,上海,经验不限,本科及以上,全职,| 数据分析 |,11:59,快速发展 扁平管理 福利齐全,岗位职责：,上海-普陀区-宜昌路751号B105,2020-05-25 12:22:01极光,25k-35k,高级数据分析师,深圳,经验3-5年,本科及以上,全职,| SQL | 数据库 | 商业 | 数据分析 |,12:12,"五险一金,奖金丰厚,福利多多,定期体检",职位描述：,深圳-南山区-南头-关口二路智恒战略性新兴产业园7栋,2020-05-25 12:22:26无糖信息,7k-12k,数据分析师,成都,经验1-3年,大专及以上,全职,| 数据分析 |,11:57,弹性上班 双休 五险一金 年终奖,"岗位职责：
1、根据业务需求，通过SQL、python等操作，整理和分析各种数据，制作项目分析报告；
2、根据业务需求，通过数据挖掘、自然语言处理或其他手段，建立针对性的识别或者分类模型；
3、针对季度、年度数据，对不同类型的数据进行针对性分析。
任职要求：
1、熟练使用SQL，至少可以使用Python、R、SAS其中一款软件进行数据清洗和分析，具备自然语言处理文本数据处理能力；
2、熟悉NLP领域当前热点和前沿技术，对NLP有完整系统的认识，对深度学习有一定的了解；
3、良好的沟通能力和表达能力，工作细致认真，有快速学习能力，能快速响应业务需求；
4、具有词性标注、实体识别、句法分析、文本分类、信息抽取、知识图谱、自动摘要等自然语言项目经验者优先",成都-高新区-吉瑞三路99号皇庭国际中心A座22楼,2020-05-25 12:22:55路通网络,8k-16k,数据分析专员,深圳,经验不限,本科及以上,全职,| 游戏 | SQL | 数据库 |,11:56,"年内两加薪,年内两晋升,五险又双休",岗位职责：,深圳-南山区-南油-南山智园崇文园区2号楼第8层,2020-05-25 12:23:2058到家,10k-20k,数据分析师,长沙,经验5-10年,本科及以上,全职,| 本地生活 | 招聘 | 数据分析 | 数据运营 | 商业 |,12:03,"公司靠谱,产品靠谱,领导靠谱,团队靠谱",岗位职责：,长沙-岳麓区-咸嘉湖-咸嘉湖枫林一路西湖公园D1,2020-05-25 12:23:48掌门1对1在线教育,12k-24k,数据分析师,上海,经验3-5年,本科及以上,全职,| SPSS | 数据运营 | 数据分析 | 数据库 |,12:05,14薪 五险一金 扁平化管理,职位描述：,上海-虹口区-北外滩-海伦路地铁站7号口金融街F座3楼,2020-05-25 12:24:13掌门1对1在线教育,15k-25k,数据分析师,上海,经验1-3年,本科及以上,全职,| 教育 | 移动互联网 | 数据分析 | SQL | BI |,12:02,14薪 员工旅游 定期体检 五险一金,职位描述,上海-虹口区-四平路-海伦路地铁站1号口金融街D栋,2020-05-25 12:24:40TutorABC & vipJr,10k-20k,数据分析师,上海,经验3-5年,本科及以上,全职,| 教育 | 市场 | 数据分析 |,11:55,五险一金 晋升空间大 团队nice,工作职责：,上海-虹口区-北外滩-天水路172号,2020-05-25 12:25:05VIP陪练,15k-25k,数据分析师,上海,经验3-5年,本科及以上,全职,| 移动互联网 | 教育 | 数据分析 | 数据处理 |,12:06,五险一金、扁平化管理、朝十晚七,岗位职责：,上海-杨浦区-福宁路60号,2020-05-25 12:25:48混沌大学,15k-30k,数据分析师,北京,经验3-5年,本科及以上,全职,| 数据分析 | SQL | 数据库 |,11:58,"弹性工作,六险一金,年度体检,学习氛围","岗位描述：
常规数据需求对接、处理与跟进；日常数据监控、数据分析以及数据报告的输出；
根据业务需求设计数据采集方案，梳理和管理数据采集流程（包括数据埋点流程），推动技术完成数据采集的开发；
维护数据指标的定义和口径；推进数据分析体系建设和完善；
利用工具搭建数据看版，推动报表体系和统计体系的改进；
岗位要求：
本科及以上学历，3年及以上数据分析相关经验，统计、数学等相关专业优先；
熟练使用Excel（数据透视等）；熟练使用SQL读取数据，掌握一种或多种分析工具软件（SAS、R、Python等）
主动性高，执行力强，擅长跨部门合作沟通，协作。
优秀的数据可视化设计能力
使用过神策、诸葛IO、QuickBI等三方分析工具优先
有视频、在线教育、知识付费、社交平台等相关行业工作经验优先.",北京-海淀区-海淀区北三环中路44号院B座4层C408,2020-05-25 12:26:13掌门1对1在线教育,15k-25k,数据分析师,上海,经验1-3年,本科及以上,全职,| 教育 | 移动互联网 | 数据分析 | 行业分析 | 市场竞争分析 | 消费者分析 |,12:02,14薪 员工旅游 定期体检 五险一金,职位描述：,上海-虹口区-四平路-海伦路地铁站1号口金融街D栋,2020-05-25 12:30:00路通网络,8k-16k,数据分析专员,深圳,经验不限,本科及以上,全职,| 游戏 | SQL | 数据库 |,11:56,"年内两加薪,年内两晋升,五险又双休",岗位职责：,深圳-南山区-南油-南山智园崇文园区2号楼第8层,2020-05-25 12:30:25单创,15k-30k,资深数据分析师,杭州,经验5-10年,本科及以上,全职,| 电商 | 移动互联网 | MySQL | 数据分析 |,12:03,前景可期 成长速度快,,杭州-江干区-东方电子商务园九盛路9号A11幢2号门6楼603室,2020-05-25 12:30:5058到家,10k-20k,数据分析师,长沙,经验5-10年,本科及以上,全职,| 本地生活 | 招聘 | 数据分析 | 数据运营 | 商业 |,12:03,"公司靠谱,产品靠谱,领导靠谱,团队靠谱",岗位职责：,长沙-岳麓区-咸嘉湖-咸嘉湖枫林一路西湖公园D1,2020-05-25 12:31:15掌门1对1在线教育,12k-24k,数据分析师,上海,经验3-5年,本科及以上,全职,| SPSS | 数据运营 | 数据分析 | 数据库 |,12:05,14薪 五险一金 扁平化管理,职位描述：,上海-虹口区-北外滩-海伦路地铁站7号口金融街F座3楼,2020-05-25 12:31:40喜马拉雅,12k-18k,数据分析师,北京,经验1-3年,本科及以上,全职,| BI | 可视化 | 数据分析 | SQL |,11:56,周末双休 极客文化 弹性工作 16薪,"1.有互联网业务或智能硬件背景，负责业务数据支持，并支持业务分析，有识别数据产
品化的能力，通过产品设计提升数据的应用效率；
2.负责数据埋点方案输出、管理并迭代上线，判断产品迭代显著性并给出建议；
3.通过数据分析洞察客户产品使用行为习惯，建立用户全生命周期管理体系，及时提出
营销策略或建议，提升用户转化率与使用率；
4.结合行业数据和市场趋势，为长期业务发展方向提供意见和建议
工作要求：
1.良好的沟通能力和学习能力，一定的抗压能力，有高度责任感；
2.熟练使用SQL/Excel，熟练使用SAS/R/Python优先，有其他语言的编程能力优先；
3.对世界好奇，对数据高度敏感，具有较强的逻辑分析能力；
4.本科以上学历，有2年以上经验互联网产品数据分析或数据运营经验
加分项：
有强烈的目标导向；
有人工智能产品，内容类产品，增长相关数据分析经验",北京-朝阳区-大山子-酒仙桥路14号兆维工业园C3栋,2020-05-25 12:32:0655海淘,15k-30k,数据分析师,上海,经验3-5年,本科及以上,全职,| 电商 | SPSS | DBA | SQL | 数据库 |,12:08,"平台大,发展快,环境佳","职责描述：
●快速并充分理解产品和业务，构建分析指标体系；
●对业务相关的内外部数据高度敏感，擅长针对公司业务相关进行内外部信息收集、数据整合、研究分析；
●能具体策划和实施用户研究等 (互联网)市场调研活动；
●进行数据可视化呈现，运用图表有效表达分析观点，在数据报告中给出分析结论及策略建议；
●快速高质完成(中)英文数据分析报告，以提供或售卖给第三方参考使用。
 
职位要求：
●全日制本科及以上学历，数学、统计、市场营销、心理学、社会学等相关专业，具备优秀的英语读写能力；
●3年及以上数据运营、商业咨询、数据分析等相关工作经验，具备数据提取、校验、异常排查、可视化分析和总结归纳能力；熟悉有关市场调研、数据收集、清洗整理和分析相关的一整套流程和方法；
●有市场调研或咨询行业背景，尤其是互联网行业研究经验者优先；
●熟练使用SQL，熟悉SPSS、Python、Tableau或Power BI等分析工具，优秀的EXCEL、PPT等Office软件应用技能，数据可视化经验丰富，数据分析技能与报告呈现能力优秀；
●良好的逻辑思考能力、学习能力、沟通协作能力，责任心强。",上海-徐汇区-宜山路1388号民润大厦3号楼5层,2020-05-25 12:32:31数位科技,18k-35k,数据分析师,深圳,经验3-5年,本科及以上,全职,| 商业 | 数据分析 |,11:59,大牛团队 办公环境好,岗位职责：,深圳-南山区-科苑南路彩讯科创中心29楼,2020-05-25 12:32:56智品网络,15k-30k,数据分析师,广州,经验3-5年,本科及以上,全职,| 数据分析 |,11:51,行业前景 高薪 牛人大咖,职责描述：,广州-天河区-员村四横路百合路21号N次方孵化器2楼204,2020-05-25 12:33:21汇合,8k-16k,数据分析,深圳,经验不限,本科及以上,全职,| 互联网金融 | 银行 | SQL | 数据分析 |,11:49,双休、加班费、年终奖等,"数据分析（1）
1. 全日制本科及以上学历，计算机、统计、软件工程、信息管理或数据分析相关专业；
2. 2年以上云运维、开发或数据分析相关工作经验；
3. 能够准确把握数据特征，并有效地对数据和分析结果作可视化展示；
4. 熟悉SQL语法，能够熟练使用Oracle/Sqlserver/mysql等主流数据库；
5. 熟练使用Excel、VBA、PPT等软件工具，具备良好的数据统计、处理、分析及展示能力；
6. 具有Python/R/SAS/Matlab/Powerbi/tableau等工具数据分析经验者优先;
7. 具有较强的逻辑思维能力、数据敏感度以及条理性，具有主动学习、自我完善的能力，具有较强的文字功底和抗压能力；
8. 具备高度的责任心和团队精神，有较强的组织协调能力和人际沟通能力。",深圳-南山区-西丽-科兴科学园,2020-05-25 12:33:46筷子科技,10k-20k,数据分析师,广州,经验3-5年,本科及以上,全职,| 广告营销 | 大数据 | 数据分析 |,11:50,独角兽产品；一线品牌客户；数据驱动,"1、与客户沟通，理解、细化客户的数据分析需求，了解客户对数据需求背后的目的，更好地为客户提供解决方案。
2、根据商业背景和相关行业背景，进行数据建模，建立画像，搭建清晰的数据分析框架，设计数据分析产品方案，将客户需求落地到产品；
3、基于多维大数据以及不同数据特点，使用公司自有大数据分析工具，洞悉数据背后的信息，满足客户的分析需求；
4、结合自身和团队的研究经验，基于数据洞察结果提出合理的解决方案和意见，提升数据价值；
5、承担项目数据分析报表和数据分析报告撰写的主笔工作；
6、管理数据训机团队，保证数据的准确和实时回到系统。

任职条件
1、本科以上学历；
2、有3年以上的咨询公司、广告/公关公司或大型企业市场研究或用户研究部门工作背景；
3、对广告行业有一定的了解，对数据有较高的敏锐性；
4、具备数据操作能力，熟练使用Excel，有Power BI、tableau、神策数据等BI软件或平台使用经验更佳；
5、具备独立完成PPT制作，报告撰写能力；
6、良好的沟通与表达能力，能与客户对接需求。",广州-越秀区-水荫路117号星光映景大厦23层05-08单元,2020-05-25 12:34:11无糖信息,8k-12k,高级数据分析师,成都,经验1-3年,本科及以上,全职,| 数据分析 |,11:57,福利完善 地铁周边 年轻团队 扁平管理,"岗位职责：
1、对业务数据进行数据分析或数据挖掘，并负责相关算法实现；
2、负责研究领域相关周期性的报告输出和决策支撑；",成都-高新区-吉瑞三路99号皇庭国际中心A座22楼,2020-05-25 12:34:36无糖信息,8k-12k,高级数据分析师,成都,经验1-3年,本科及以上,全职,| 数据分析 |,11:57,福利完善 地铁周边 年轻团队 扁平管理,"岗位职责：
1、对业务数据进行数据分析或数据挖掘，并负责相关算法实现；
2、负责研究领域相关周期性的报告输出和决策支撑；",成都-高新区-吉瑞三路99号皇庭国际中心A座22楼,2020-05-25 12:35:17瑛麒动漫,15k-25k,数据分析师,上海,经验3-5年,大专及以上,全职,| 数据分析 | 数据运营 |,12:07,"挑战大,丰富内容,氛围好",岗位职责：,上海-徐汇区-瑞平路275号保利西岸C座902室,2020-05-25 12:35:42智品网络,15k-30k,数据分析师,广州,经验3-5年,本科及以上,全职,| 数据分析 |,11:51,行业前景 高薪 牛人大咖,职责描述：,广州-天河区-员村四横路百合路21号N次方孵化器2楼204,2020-05-25 12:36:07VIP陪练,15k-25k,数据分析师,上海,经验3-5年,本科及以上,全职,| 移动互联网 | 教育 | 数据分析 | 数据处理 |,12:06,五险一金、扁平化管理、朝十晚七,岗位职责：,上海-杨浦区-福宁路60号,2020-05-25 12:36:33动视云科技,8k-15k,数据分析师,北京,经验1-3年,本科及以上,全职,| 游戏 | 云计算 | 数据分析 | C端产品 | 移动产品/APP |,11:58,五险一金 双休年假 福利午餐 行业领先,岗位职责：,北京-西城区-德胜门-北三环中路甲29号院3号,2020-05-25 12:36:58转转,25k-35k,高级数据分析师,北京,经验3-5年,本科及以上,全职,| 数据分析 |,11:55,成长空间,工作职责：,北京-海淀区-西小口路东升科技园,2020-05-25 12:37:23一点资讯,20k-35k,资深数据分析师,北京,经验3-5年,硕士及以上,全职,| 移动互联网 | MySQL | SQLServer |,12:03,年底双薪，午餐补助，轻松工作氛围,1、深入资讯行业业务，了解业务痛点，为业务线建立数据支持体系，通过数据为业务优化提供效果评估及数据决策支持；,北京-朝阳区-望京-北京市朝阳区启阳路4号中轻大厦A座19层,2020-05-25 12:37:48一点资讯,18k-35k,数据分析师,北京,经验3-5年,本科及以上,全职,| 分类信息 | 移动互联网 | BI | 可视化 | 数据分析 | 数据运营 |,12:03,年底双薪，节假日福利,【岗位名称】数据分析师,北京-朝阳区-望京-北京市朝阳区启阳路4号中轻大厦A座,2020-05-25 12:38:13AKULAKU,8k-15k,风控数据分析师(J10532),深圳,经验1-3年,本科及以上,全职,| 风控 | 分析师 |,12:17,绩效激励 东南亚独角兽,"工作职责:
1. 负责日常业务监控体系，包括业务全流程/风控策略/贷后表现数据指标监控， 定期以报告形式对业务&风控情况作出输出汇报；
2. 维护&优化业务中采集各类型特征：包括数据采集，加工逻辑， 使用场景等；制定日常特征监控报告，并定期根据数据表现给出策略/模型一定数据应用建议；
3. 协助搭建数据集市，构建数据宽表，不断挖掘用户画像等各维度特征共各业务方使用；
4. 定期对风险策略/模型效果/产品盈利性 进行数据分析复盘，并根据分析结果，指出潜在问题&风险，并提出解决方案.
任职资格:
1. 一类本科及以上学历，数理统计等相关专业背景优先；
2. 1-3年互联网企业数据分析经验，有互联网信贷方面分析经验优先，优秀应届生也可考虑；
3. 精通 hive sql, 精通使用python进行数据分析处理；
4. 掌握统计学方法与工具，熟悉模型的统计检验相关方法；
5. 逻辑清晰，主动进取，较强的沟通能力，善于团队合作。",深圳-南山区-华中科技大学深圳产学研基地A座,2020-05-25 12:38:38美的IoT,15k-30k,大数据开发工程师,广州,经验5-10年,本科及以上,全职,| 大数据 | ETL | 数据仓库 |,07:10,500强公司，五险一金，免费班车，食补,工作描述：,广州-番禺区-美的总部,2020-05-25 12:39:03云麦YUNMAI,8k-15k,数据分析,深圳,经验1-3年,硕士及以上,全职,| 可穿戴设备 | 智能硬件 | 数据分析 |,12:01,扁平化管理、团队氛围好、成长快,我们有：,深圳-南山区-赤湾六路8号，赤湾总部大厦19楼A室,2020-05-25 12:39:28探探,18k-36k,数据分析师,北京,经验3-5年,本科及以上,全职,| 商业 | 数据分析 |,12:00,扁平管理，企业滴滴,数据分析师,北京-朝阳区-建国门-光华路soho2D座509,2020-05-25 12:39:53无秘,20k-40k,数据分析师,深圳,经验3-5年,本科及以上,全职,| 移动互联网 | 教育 | 数据分析 | 数据仓库 | ETL | SQLServer |,12:05,公司高速发展、团队优秀、待遇丰厚,"1. 负责现有数据管理和分析工作，能够根据用户行为等数据进行业务分析，帮助业务快速提升
2. 建设业务分析模型，不断评估和优化业务分析模型。
3. 紧跟公司现有的产品业务的迭代节奏，能够从一个比较全局的角度对新上线的业务和对现有业务进行分析，
及时发现问题，并提出解决解决方案，配合数据研发人员提出相应的预警策略。
4. 沉淀分析方法论，配合数据研发人员，针对公司的业务将分析方法工具化

职位要求：
1. 本科及以上学历，数学，统计学，计算机相关专业优先，3年以上数据分析、数据运营优先，有过增长经验的优先
2. 精通Sql，熟练使用R/python,掌握Superset等BI工具的使用。
3. 有较强的数据敏感性，结合公司的精细化运营平台从海量数据中提取核心数据进行分析。
4. 有丰富的跨团队协作能力，能够独立设立研究分析项目，有较强的逻辑思维能力以及抗压能力
5. 对技术有一定的兴趣，对Presto、Hive、ClickHouse、HBase等一个或多个数据库/数据管理管理系统/数据分析引擎有了解的优先
6.认同简单，正能量，自驱，拒绝平庸的企业文化",深圳-南山区-科技园-科技园北区大族创新大厦A座4楼,2020-05-25 12:40:18微拍堂,25k-35k,数据分析师,杭州,经验3-5年,大专及以上,全职,| 电商 | 新零售 | 商业 | SPSS | SQL |,11:48,六险一金 双休 节日福利 快速发展平台,"职位描述： 1、负责常规业务数据支持和数据分析，通过对业务数据深度诊断性组合分析、挖掘、深度分析,分析潜在业务机会给出可执行建议，并主动推动业务优化和体验改善； 2、与开发团队合作，针对用户体系、交易刷单等电商相关黑灰产进行风险计量，通过数据挖掘等手段，建立针对性的刷单风险管理策略、风险模型与侦测机制； 3、可独立承担复杂分析任务，对业务问题进行深入分析，为电商业务风控决策提供数据支持，能对关键分析思路进行产品化；",杭州-西湖区-西湖-文三路408号5号楼411室,2020-05-25 12:40:44美篇,15k-30k,高级数据分析师,北京,经验5-10年,本科及以上,全职,| 社交 | 移动互联网 | 数据分析 |,11:48,团队技术氛围好，平台发展稳定，薪酬福利好,工作内容：,北京-海淀区-知春路量子芯座20层,2020-05-25 12:41:09筷子科技,10k-20k,数据分析师,广州,经验3-5年,本科及以上,全职,| 广告营销 | 大数据 | 数据分析 |,11:50,独角兽产品；一线品牌客户；数据驱动,"1、与客户沟通，理解、细化客户的数据分析需求，了解客户对数据需求背后的目的，更好地为客户提供解决方案。
2、根据商业背景和相关行业背景，进行数据建模，建立画像，搭建清晰的数据分析框架，设计数据分析产品方案，将客户需求落地到产品；
3、基于多维大数据以及不同数据特点，使用公司自有大数据分析工具，洞悉数据背后的信息，满足客户的分析需求；
4、结合自身和团队的研究经验，基于数据洞察结果提出合理的解决方案和意见，提升数据价值；
5、承担项目数据分析报表和数据分析报告撰写的主笔工作；
6、管理数据训机团队，保证数据的准确和实时回到系统。

任职条件
1、本科以上学历；
2、有3年以上的咨询公司、广告/公关公司或大型企业市场研究或用户研究部门工作背景；
3、对广告行业有一定的了解，对数据有较高的敏锐性；
4、具备数据操作能力，熟练使用Excel，有Power BI、tableau、神策数据等BI软件或平台使用经验更佳；
5、具备独立完成PPT制作，报告撰写能力；
6、良好的沟通与表达能力，能与客户对接需求。",广州-越秀区-水荫路117号星光映景大厦23层05-08单元,2020-05-25 12:41:50TutorABC & vipJr,11k-15k,高级数据分析师,上海,经验3-5年,本科及以上,全职,| 教育 | MySQL |,11:54,大型互联网教育公司,职位描述：,上海-虹口区-上海市海伦路金融街海伦中心B座,2020-05-25 12:42:15美的IoT,15k-30k,大数据开发工程师,广州,经验5-10年,本科及以上,全职,| 大数据 | ETL | 数据仓库 |,07:10,500强公司，五险一金，免费班车，食补,工作描述：,广州-番禺区-美的总部,2020-05-25 12:42:40云麦YUNMAI,8k-15k,数据分析,深圳,经验1-3年,硕士及以上,全职,| 可穿戴设备 | 智能硬件 | 数据分析 |,12:01,扁平化管理、团队氛围好、成长快,我们有：,深圳-南山区-赤湾六路8号，赤湾总部大厦19楼A室,2020-05-25 12:43:05nice,10k-20k,数据分析师,北京,经验1-3年,本科及以上,全职,| 电商 | 社交 | 数据分析 |,11:43,十四薪、房补生活补助、团队氛围佳,工作职责：,北京-朝阳区-三元桥-凤凰置地A座,2020-05-25 12:43:30掌门1对1在线教育,12k-24k,数据分析师,上海,经验3-5年,本科及以上,全职,| SPSS | 数据运营 | 数据分析 | 数据库 |,12:05,14薪 五险一金 扁平化管理,职位描述：,上海-虹口区-北外滩-海伦路地铁站7号口金融街F座3楼,2020-05-25 12:43:55美篇,15k-30k,高级数据分析师,北京,经验5-10年,本科及以上,全职,| 社交 | 移动互联网 | 数据分析 |,11:48,团队技术氛围好，平台发展稳定，薪酬福利好,工作内容：,北京-海淀区-知春路量子芯座20层,2020-05-25 12:44:20汇合,8k-16k,数据分析,深圳,经验不限,本科及以上,全职,| 互联网金融 | 银行 | SQL | 数据分析 |,11:49,双休、加班费、年终奖等,"数据分析（1）
1. 全日制本科及以上学历，计算机、统计、软件工程、信息管理或数据分析相关专业；
2. 2年以上云运维、开发或数据分析相关工作经验；
3. 能够准确把握数据特征，并有效地对数据和分析结果作可视化展示；
4. 熟悉SQL语法，能够熟练使用Oracle/Sqlserver/mysql等主流数据库；
5. 熟练使用Excel、VBA、PPT等软件工具，具备良好的数据统计、处理、分析及展示能力；
6. 具有Python/R/SAS/Matlab/Powerbi/tableau等工具数据分析经验者优先;
7. 具有较强的逻辑思维能力、数据敏感度以及条理性，具有主动学习、自我完善的能力，具有较强的文字功底和抗压能力；
8. 具备高度的责任心和团队精神，有较强的组织协调能力和人际沟通能力。",深圳-南山区-西丽-科兴科学园,2020-05-25 12:44:46字节跳动,15k-30k,资深数据分析师,北京,经验不限,本科及以上,全职,| 数据分析 |,11:46,六险一金，弹性工作，免费三餐，团队氛围好,,北京-海淀区-北三环西路43号中航广场1号楼（矮楼）,2020-05-25 12:45:11巴乐兔,12k-24k,数据分析师,上海,经验3-5年,本科及以上,全职,| 数据分析 | 数据运营 | SQL | 数据库 |,11:42,"空间大,平台大,领导好,福利好",职责描述：,上海-浦东新区-张江-晨晖路88号金蝶软件园一号楼403室,2020-05-25 12:45:36点点互动,25k-35k,数据分析师,北京,经验3-5年,本科及以上,全职,| 游戏 | 数据分析 | SPSS | SQL | 数据库 |,11:42,发展前景好,职位描述：,北京-海淀区-科学院南路融科资讯中心C座,2020-05-25 12:46:01字节跳动,15k-30k,数据分析师,北京,经验1-3年,本科及以上,全职,| 数据分析 |,11:46,六险一金，弹性工作，免费三餐，团队氛围好,,北京-海淀区-北三环西路43号中航广场1号楼（矮楼）,2020-05-25 12:46:26携程,15k-30k,数据分析师,上海,经验1-3年,本科及以上,全职,| 数据分析 | 数据库 |,11:45,五险一金 节假日福利 带薪年假 年终奖,"1. 通过研究并分析数据，挖掘业务增长点，规划并设计改进方案，用数据驱动增长；
2. 观察和分析航空业变化趋势，优化流程，设计营销方案，提升项目产量；
3. 跨部门沟通和合作，推进方案落地。",上海-长宁区-北新泾-金钟路968号凌空soho,2020-05-25 12:46:51叽里呱啦,18k-25k,高级数据分析师,上海,经验不限,本科及以上,全职,| 数据分析 |,11:59,快速发展 扁平管理 福利齐全,岗位职责：,上海-普陀区-宜昌路751号B105,2020-05-25 12:47:16上海浩宜信息科技有限公司,6k-8k,数据分析师（文本数据建模）,上海,经验1-3年,本科及以上,全职,| 信息安全 | 大数据 | 数据分析 | 数据仓库 | 数据架构 | 数据挖掘 |,09:33,做五休二，年终奖、五险一金、定期团建,"1、根据产品及业务知识完成文本数据建模；
2、为客户提供产品及文本数据建模方面的需求；
3、协助业务部门开展文本数据分析工作；

任职要求：
1、本科及以上学历，专业不限（计算机类、数学类、统计学相关以及中文相关专业优先）；
2、较好的学习能力，能够快速完成新知识、新技能的学习和掌握；
3、积极主动，能承受压力，良好的团队意识，工作仔细，性格沉稳，责任心强；
4、具备较强的逻辑分析和语言表达能力；
5、咨询服务类项目或项目管理工作经验，熟悉银行、保险等呼叫中心业务优先；
6、良好的沟通、协调、交流、组织实施能力；",上海-浦东新区-张江-郭守敬路498号28号楼4楼,2020-05-25 12:47:41TutorABC & vipJr,11k-15k,高级数据分析师,上海,经验3-5年,本科及以上,全职,| 教育 | MySQL |,11:54,大型互联网教育公司,职位描述：,上海-虹口区-上海市海伦路金融街海伦中心B座,2020-05-25 12:48:22AKULAKU,8k-15k,风控数据分析师(J10532),深圳,经验1-3年,本科及以上,全职,| 风控 | 分析师 |,12:17,绩效激励 东南亚独角兽,"工作职责:
1. 负责日常业务监控体系，包括业务全流程/风控策略/贷后表现数据指标监控， 定期以报告形式对业务&风控情况作出输出汇报；
2. 维护&优化业务中采集各类型特征：包括数据采集，加工逻辑， 使用场景等；制定日常特征监控报告，并定期根据数据表现给出策略/模型一定数据应用建议；
3. 协助搭建数据集市，构建数据宽表，不断挖掘用户画像等各维度特征共各业务方使用；
4. 定期对风险策略/模型效果/产品盈利性 进行数据分析复盘，并根据分析结果，指出潜在问题&风险，并提出解决方案.
任职资格:
1. 一类本科及以上学历，数理统计等相关专业背景优先；
2. 1-3年互联网企业数据分析经验，有互联网信贷方面分析经验优先，优秀应届生也可考虑；
3. 精通 hive sql, 精通使用python进行数据分析处理；
4. 掌握统计学方法与工具，熟悉模型的统计检验相关方法；
5. 逻辑清晰，主动进取，较强的沟通能力，善于团队合作。",深圳-南山区-华中科技大学深圳产学研基地A座,2020-05-25 12:48:48路通网络,8k-16k,数据分析专员,深圳,经验不限,本科及以上,全职,| 游戏 | SQL | 数据库 |,11:56,"年内两加薪,年内两晋升,五险又双休",岗位职责：,深圳-南山区-南油-南山智园崇文园区2号楼第8层,2020-05-25 12:49:13唯品会,15k-30k,高级数据分析师,广州,经验3-5年,本科及以上,全职,| SQLServer |,11:41,"创新团队,氛围好,免费三餐",岗位职责：,广州-荔湾区-花海街20号,2020-05-25 12:49:38喜马拉雅,12k-18k,数据分析师,北京,经验1-3年,本科及以上,全职,| BI | 可视化 | 数据分析 | SQL |,11:56,周末双休 极客文化 弹性工作 16薪,"1.有互联网业务或智能硬件背景，负责业务数据支持，并支持业务分析，有识别数据产
品化的能力，通过产品设计提升数据的应用效率；
2.负责数据埋点方案输出、管理并迭代上线，判断产品迭代显著性并给出建议；
3.通过数据分析洞察客户产品使用行为习惯，建立用户全生命周期管理体系，及时提出
营销策略或建议，提升用户转化率与使用率；
4.结合行业数据和市场趋势，为长期业务发展方向提供意见和建议
工作要求：
1.良好的沟通能力和学习能力，一定的抗压能力，有高度责任感；
2.熟练使用SQL/Excel，熟练使用SAS/R/Python优先，有其他语言的编程能力优先；
3.对世界好奇，对数据高度敏感，具有较强的逻辑分析能力；
4.本科以上学历，有2年以上经验互联网产品数据分析或数据运营经验
加分项：
有强烈的目标导向；
有人工智能产品，内容类产品，增长相关数据分析经验",北京-朝阳区-大山子-酒仙桥路14号兆维工业园C3栋,2020-05-25 12:50:03微拍堂,25k-35k,数据分析师,杭州,经验3-5年,大专及以上,全职,| 电商 | 新零售 | 商业 | SPSS | SQL |,11:48,六险一金 双休 节日福利 快速发展平台,"职位描述： 1、负责常规业务数据支持和数据分析，通过对业务数据深度诊断性组合分析、挖掘、深度分析,分析潜在业务机会给出可执行建议，并主动推动业务优化和体验改善； 2、与开发团队合作，针对用户体系、交易刷单等电商相关黑灰产进行风险计量，通过数据挖掘等手段，建立针对性的刷单风险管理策略、风险模型与侦测机制； 3、可独立承担复杂分析任务，对业务问题进行深入分析，为电商业务风控决策提供数据支持，能对关键分析思路进行产品化；",杭州-西湖区-西湖-文三路408号5号楼411室,2020-05-25 12:50:28易居中国,20k-25k,数据分析师,上海,经验3-5年,本科及以上,全职,| SQL | 数据库 |,11:42,上市公司、创新项目、发展空间大,职责描述：,上海-静安区-广中路788号文武楼,2020-05-25 12:50:53小鹏汽车,7k-10k,数据分析专员,广州,经验1-3年,大专及以上,全职,| 数据分析 |,11:47,大厂 福利好 成长快,岗位职责：,广州-天河区-松岗大街8号小鹏汽车智能产业园区,2020-05-25 12:51:18微博,20k-40k,大数据开发工程师,北京,经验3-5年,学历不限,全职,| Flink | Hadoop | 数据架构 | Java |,10:19,"大平台福利,带薪年假,快速成长","1. 负责大数据平台的架构设计与研发
2. 根据业务需求设计高扩展性、高性能的系统架构和应用架构",北京-海淀区-西北旺东路10号院西区8号楼新浪总部大厦,2020-05-25 12:51:43联信科技,10k-15k,数据分析师,长沙,经验3-5年,本科及以上,全职,| 数据分析 |,11:54,五险一金 定期体检 周末双休 年底奖金,1、职位信息,长沙-岳麓区-坪塘大道299号,2020-05-25 12:52:08邻汇吧,15k-25k,数据分析师,杭州,经验1-3年,本科及以上,全职,| 数据分析 |,11:38,"五险一金(最高比例),福利优厚,期权",我们需要您:,杭州-余杭区-仓前街道良睦路1288号梦想小镇7号楼205室,2020-05-25 12:52:34巴乐兔,12k-24k,数据分析师,上海,经验3-5年,本科及以上,全职,| 数据分析 | 数据运营 | SQL | 数据库 |,11:42,"空间大,平台大,领导好,福利好",职责描述：,上海-浦东新区-张江-晨晖路88号金蝶软件园一号楼403室,2020-05-25 12:52:59点点互动,25k-35k,数据分析师,北京,经验3-5年,本科及以上,全职,| 游戏 | 数据分析 | SPSS | SQL | 数据库 |,11:42,发展前景好,职位描述：,北京-海淀区-科学院南路融科资讯中心C座,2020-05-25 12:53:24掌门1对1在线教育,12k-24k,数据分析师,上海,经验3-5年,本科及以上,全职,| SPSS | 数据运营 | 数据分析 | 数据库 |,12:05,14薪 五险一金 扁平化管理,职位描述：,上海-虹口区-北外滩-海伦路地铁站7号口金融街F座3楼,2020-05-25 12:53:49无糖信息,7k-12k,数据分析师,成都,经验1-3年,大专及以上,全职,| 数据分析 |,11:57,弹性上班 双休 五险一金 年终奖,"岗位职责：
1、根据业务需求，通过SQL、python等操作，整理和分析各种数据，制作项目分析报告；
2、根据业务需求，通过数据挖掘、自然语言处理或其他手段，建立针对性的识别或者分类模型；
3、针对季度、年度数据，对不同类型的数据进行针对性分析。
任职要求：
1、熟练使用SQL，至少可以使用Python、R、SAS其中一款软件进行数据清洗和分析，具备自然语言处理文本数据处理能力；
2、熟悉NLP领域当前热点和前沿技术，对NLP有完整系统的认识，对深度学习有一定的了解；
3、良好的沟通能力和表达能力，工作细致认真，有快速学习能力，能快速响应业务需求；
4、具有词性标注、实体识别、句法分析、文本分类、信息抽取、知识图谱、自动摘要等自然语言项目经验者优先",成都-高新区-吉瑞三路99号皇庭国际中心A座22楼,2020-05-25 12:54:14无糖信息,8k-12k,高级数据分析师,成都,经验1-3年,本科及以上,全职,| 数据分析 |,11:57,福利完善 地铁周边 年轻团队 扁平管理,"岗位职责：
1、对业务数据进行数据分析或数据挖掘，并负责相关算法实现；
2、负责研究领域相关周期性的报告输出和决策支撑；",成都-高新区-吉瑞三路99号皇庭国际中心A座22楼,2020-05-25 12:54:5551社保网,15k-24k,数据分析师,北京,经验3-5年,本科及以上,全职,| 企业服务 | 数据分析 |,11:50,七险一金、带薪年假、扁平管理,职位需求：,北京-朝阳区-CBD-国贸建外SOHO西区17号楼16层,2020-05-25 12:55:20酷我音乐,20k-30k,数据分析师,北京,经验3-5年,学历不限,全职,| 数据分析 |,11:37,十四薪，弹性工作，饭补，补充医疗,岗位职责：,北京-朝阳区-大屯-天辰东路7号国家会议中心写字楼北区三层,2020-05-25 12:55:45圈外,22k-27k,高级数据分析师,上海,经验5-10年,大专及以上,全职,| 体育 |,11:56,"弹性工作,交通便利,烧脑体验,优秀团队","岗位描述：
1. 构建全面的、准确的、能反映服务业务线特征的整体指标体系, 并基于业务监控指标体系，及时发现与定位业务问题；
2. 通过专题分析，对业务问题进行深入分析，为公司运营决策、产品方向、销售策略提供数据支持；
3. 沉淀分析思路与框架， 提炼数据产品需求，与相关团队（如技术开发团队） 协作并推动数据产品的落地；
4. 与相关团队协作进行数据建模工作，推动业务部门的数据化运营；
5. 与相关团队协作组织数据技术与产品相关的理念、技能、工具的培训。

岗位要求：
1. 统计、数学、信息技术、生物统计本科以上学历，5年以上相关工作经历；
2. 熟练独立编写商业数据分析报告，及时发现和分析其中隐含的变化和问题；
3. 良好的数据敏感度,能从海量数据提炼核心结果，有丰富的数据分析经验；
4. 熟练运用SQL，能高效的与数据技术团队进行沟通；
5. 有丰富的跨团队、部门的项目资源整合能力，能够独立开展研究项目",上海-长宁区-虹桥-天山路1717号B1F-1_,2020-05-25 12:56:10匡慧体育用品,2k-4k,数据分析实习生,上海,经验不限,大专及以上,全职,| 电商 | 移动互联网 | 用户留存 | 用户增长 | 数据分析 |,11:39,年轻团队 氛围轻松,岗位职责：,上海-浦东新区-明通文化创意产业园（三林路）1A416,2020-05-25 12:56:36nice,10k-20k,数据分析师,北京,经验1-3年,本科及以上,全职,| 电商 | 社交 | 数据分析 |,11:43,十四薪、房补生活补助、团队氛围佳,工作职责：,北京-朝阳区-三元桥-凤凰置地A座,2020-05-25 12:57:01小鹏汽车,7k-10k,数据分析专员,广州,经验1-3年,大专及以上,全职,| 数据分析 |,11:47,大厂 福利好 成长快,岗位职责：,广州-天河区-松岗大街8号小鹏汽车智能产业园区,2020-05-25 12:57:26联信科技,10k-15k,数据分析师,长沙,经验3-5年,本科及以上,全职,| 数据分析 |,11:54,五险一金 定期体检 周末双休 年底奖金,1、职位信息,长沙-岳麓区-坪塘大道299号,2020-05-25 12:57:51汇合,8k-16k,数据分析,深圳,经验不限,本科及以上,全职,| 互联网金融 | 银行 | SQL | 数据分析 |,11:49,双休、加班费、年终奖等,"数据分析（1）
1. 全日制本科及以上学历，计算机、统计、软件工程、信息管理或数据分析相关专业；
2. 2年以上云运维、开发或数据分析相关工作经验；
3. 能够准确把握数据特征，并有效地对数据和分析结果作可视化展示；
4. 熟悉SQL语法，能够熟练使用Oracle/Sqlserver/mysql等主流数据库；
5. 熟练使用Excel、VBA、PPT等软件工具，具备良好的数据统计、处理、分析及展示能力；
6. 具有Python/R/SAS/Matlab/Powerbi/tableau等工具数据分析经验者优先;
7. 具有较强的逻辑思维能力、数据敏感度以及条理性，具有主动学习、自我完善的能力，具有较强的文字功底和抗压能力；
8. 具备高度的责任心和团队精神，有较强的组织协调能力和人际沟通能力。",深圳-南山区-西丽-科兴科学园,2020-05-25 12:58:16巴乐兔,12k-24k,数据分析师,上海,经验3-5年,本科及以上,全职,| 数据分析 | 数据运营 | SQL | 数据库 |,11:42,"空间大,平台大,领导好,福利好",职责描述：,上海-浦东新区-张江-晨晖路88号金蝶软件园一号楼403室,2020-05-25 12:58:41平安产险,15k-30k,数据建模,深圳,经验5-10年,本科及以上,全职,| ETL | 数据仓库 | 数据挖掘 | 数据处理 |,11:39,五险一金、绩效奖金、定期体检、节日福利,工作职责 :,深圳-福田区-平安金融中心（购物公园地铁站）,2020-05-25 12:59:06小红书,15k-25k,数据分析师,上海,经验1-3年,本科及以上,全职,| 移动互联网 | 数据分析 | 数据处理 | 数据架构 |,11:46,互联网公司 待遇福利好,,上海-黄浦区-新天地-新天地复兴SOHO,2020-05-25 12:59:31博悦科创,12k-17k,大数据开发工程师,深圳,经验1-3年,本科及以上,全职,| Spark | Hadoop |,10:30,年终奖，下午茶,工作职责：,深圳-福田区-购物公园-平安金融中心,2020-05-25 12:59:57字节跳动,8k-16k,高级数据分析师,武汉,经验3-5年,本科及以上,全职,| 广告营销 | 企业服务 | 数据分析 | 策略运营 | 销售支持 | 客户资源管理 |,11:47,六险一金+年终奖+餐补+试用期全额,职位描述,武汉-洪山区-关山-湖北省武汉市洪山区关山大道473号光谷新发展国际中心-B座,2020-05-25 13:00:22方纬科技,12k-18k,大数据开发工程师,上海,经验3-5年,本科及以上,全职,| 大数据 |,10:31,五险一金，年终奖金，项目奖金，旅游体检,职位描述：,上海-浦东新区-南码头-上海市浦东新区杨高南路5000号公安局交通警察总队,2020-05-25 13:00:47小红书,15k-25k,数据分析师,上海,经验1-3年,本科及以上,全职,| 移动互联网 | 数据分析 | 数据处理 | 数据架构 |,11:46,互联网公司 待遇福利好,,上海-黄浦区-新天地-新天地复兴SOHO,2020-05-25 13:01:28Goat Games,20k-35k,高级数据分析师,广州,经验3-5年,本科及以上,全职,| 数据处理 | 数据分析 |,11:49,团队好 待遇好 前景好,【岗位职责】,广州-天河区-林和东路285号天安人寿中心25楼,2020-05-25 13:01:53寻找母星,10k-18k,数据分析,深圳,经验1-3年,本科及以上,全职,| 大数据 | 数据分析 | BI | SQL |,11:35,风口行业、明星团队、晋升空间大、待遇优厚,欢迎一起，寻找母星。,深圳-南山区-科技园中区科技中三路5号国人通信大厦B座2101,2020-05-25 13:02:18字节跳动,8k-16k,高级数据分析师,武汉,经验3-5年,本科及以上,全职,| 广告营销 | 企业服务 | 数据分析 | 策略运营 | 销售支持 | 客户资源管理 |,11:47,六险一金+年终奖+餐补+试用期全额,职位描述,武汉-洪山区-关山-湖北省武汉市洪山区关山大道473号光谷新发展国际中心-B座,2020-05-25 13:02:43字节跳动,20k-30k,高级数据分析师,北京,经验3-5年,本科及以上,全职,| 数据分析 | 数据处理 |,11:47,扁平管理，用户过亿，大牛带队,岗位职责：,北京-海淀区-学清路学清嘉创大厦B座,2020-05-25 13:03:08柏睿数据,15k-25k,数据分析师,北京,经验不限,硕士及以上,全职,| 大数据 | 数据分析 | 数据库 |,11:29,大数据 多绩效 BI 数据仓储,岗位职责：,北京-朝阳区-望京-望京保利国际广场T1,2020-05-25 13:03:34爱奇艺,20k-40k,资深数据分析师,北京,经验5-10年,本科及以上,全职,| 数据分析 |,11:41,带薪休假,"工作内容：
1、基于业务逻辑，建立业务数据模型与指标体系，通过数据挖掘与探索，深入分析业务发展状况，产出测算方案和模型，为商业决策提供参考。
2、跟进重点的业务项目，开展对应的资源测算、投入产出评估、价值分析，针对实际业务问题形成专题分析，可以给出具体解决方案并关注分析落地效果。
3、与运营、商务、商业化等部门良好沟通与配合，紧密跟踪业务数据变化，监测业务发展态势，定期输出相关报告。
4、管理3-5人分析团队，能够将工作经验沉淀出合理的工作方法，传递给初阶的分析人员，完成团队任务。

任职资格: 
1、统计、数学、经济等相关专业本科以上学历，具有5年以上互联网数据分析/市场研究工作经验。
2、善于建立经济模型，思考和测算商业逻辑的合理性。数据分析能力扎实，熟悉常用的数据统计和分析方法。
3、优秀的沟通能力和业务解读能力，快速学习，逻辑思维严谨、性格开朗、工作积极主动，责任心强。
4、较强的excel、PPT使用能力，会SQL、R、SPSS等数据工具优先。视频行业数据分析背景优先，有管理经验优先。",北京-海淀区-中关村-海淀北一街2号爱奇艺创新大厦,2020-05-25 13:03:59中寰卫星,20k-40k,大数据开发工程师,北京,经验5-10年,本科及以上,全职,| 汽车 | 移动互联网 | Hadoop | Spark | 数据仓库 | 数据库开发 |,10:24,"弹性工作,试用期全薪,福利待遇好",岗位职责:,北京-海淀区-丰豪东路四维图新大厦,2020-05-25 13:04:24汇信科技,15k-22k,大数据开发工程师,杭州,经验3-5年,本科及以上,全职,| ETL | 数据挖掘 | 数据架构 | 数据仓库 |,10:22,行业前景,工作职责：,杭州-拱墅区-州市莫干山路18号蓝天商务大厦18楼B座,2020-05-25 13:04:49微拍堂,25k-35k,数据分析师,杭州,经验3-5年,大专及以上,全职,| 电商 | 新零售 | 商业 | SPSS | SQL |,11:48,六险一金 双休 节日福利 快速发展平台,"职位描述： 1、负责常规业务数据支持和数据分析，通过对业务数据深度诊断性组合分析、挖掘、深度分析,分析潜在业务机会给出可执行建议，并主动推动业务优化和体验改善； 2、与开发团队合作，针对用户体系、交易刷单等电商相关黑灰产进行风险计量，通过数据挖掘等手段，建立针对性的刷单风险管理策略、风险模型与侦测机制； 3、可独立承担复杂分析任务，对业务问题进行深入分析，为电商业务风控决策提供数据支持，能对关键分析思路进行产品化；",杭州-西湖区-西湖-文三路408号5号楼411室,2020-05-25 13:05:14美篇,15k-30k,高级数据分析师,北京,经验5-10年,本科及以上,全职,| 社交 | 移动互联网 | 数据分析 |,11:48,团队技术氛围好，平台发展稳定，薪酬福利好,工作内容：,北京-海淀区-知春路量子芯座20层,2020-05-25 13:05:39喜茶,15k-25k,数据分析师,深圳,经验3-5年,本科及以上,全职,| 电商 | 新零售 |,11:28,"弹性工作,千万级用户,奖金丰厚,","1.根据业务流程搭建数据分析体系，统一数据口径，并将分析体系在BI平台上可视化；
2.及时响应业务团队数据统计分析需求，输出可读性强的分析报告，结合数据趋势对公司产品的运营和决策给出专业的建议；
3.根据应用产品的需求，设计数据算法方案，完成方案落地和复盘。",深圳-南山区-深圳市南山区航天科技广场,2020-05-25 13:06:04览众数据,15k-30k,大数据开发工程师,杭州,经验3-5年,本科及以上,全职,| Hive | Spark | Flink | Hadoop |,10:21,五险一金 绩效奖金,职位描述：,杭州-滨江区-芯图大厦17楼,2020-05-25 13:06:29贵州电商云,5k-10k,数据分析师,贵阳,经验1-3年,本科及以上,全职,| SQL | 数据库 | 数据分析 |,11:33,氛围好 工作环境好,"职责描述：
1.对原始数据进行清洗、统计、整理、归档，为业务部门提供数据支撑
2.根据数据业务需求，对数据进行分析，并编写高质量的数据报告。通过数据模型预测相关业务场景发展趋势，深入分析行业发展；
3.负责指标体系的建设和计算出数；
4.负责数据项目的需求沟通调研，制定方案与标书的准备、讲解和客户答疑，参与拓展项目，要求思维灵活并具有一定的业务思维
5.了解、研究和分析当地出台电子商务、数据业务关联政策，对相关政策进行分析为政务数据业务提供有价值的意见参考。



任职要求：
1、两年以上工作经验，本科及以上学历，统计、数学、社会学或计算机等相关专业优先；
2、熟练掌握SQL、excel相关技能，并能熟练运用。有数据库使用和管理经验，数据挖掘、自然语言处理等项目背景尤佳；
3、掌握综合评价方法，熟悉指标体系构建流程；
4、能够使用python等工具进行数据处理、数据分析与挖掘；
5、良好的跨团队、部门沟通及推动能力，有强烈的主人翁意识，积极发扬团队合作精神；
6、富有创造力和想象力，对数据敏感，善于资料查询和自主学习。
7、统计、数学、社会学或计算机等相关专业",贵阳-观山湖区（金阳新区）-长岭南路33号天一国际广场11栋11层,2020-05-25 13:06:55卓牛科技,10k-20k,数据分析师,广州,经验3-5年,本科及以上,全职,| 移动互联网 | 商业 |,11:40,项目奖金，周末双休，平台前景好，五险一金,职位描述：,广州-天河区-珠江新城-珠江新城华强路9号保利克洛维中盈大厦2806-07单元,2020-05-25 13:07:2051社保网,15k-24k,数据分析师,北京,经验3-5年,本科及以上,全职,| 企业服务 | 数据分析 |,11:50,七险一金、带薪年假、扁平管理,职位需求：,北京-朝阳区-CBD-国贸建外SOHO西区17号楼16层,2020-05-25 13:08:01柏睿数据,15k-25k,数据分析师,北京,经验不限,硕士及以上,全职,| 大数据 | 数据分析 | 数据库 |,11:29,大数据 多绩效 BI 数据仓储,岗位职责：,北京-朝阳区-望京-望京保利国际广场T1,2020-05-25 13:08:26达观数据,12k-18k,数据分析师,北京,经验3-5年,本科及以上,全职,| 数据分析 |,11:41,六险一金 年假多 培训多 人工智能,1、参与调研数据需求，建立数据分析框架体系，输出数据分析报告、建模报告、数据报表等，为业务发展、模型优化提供数据支撑。,北京-海淀区-知春路-知春路量子芯座大厦,2020-05-25 13:08:51洋钱罐,15k-25k,数据分析师,北京,经验1-3年,本科及以上,全职,| 商业 | 数据分析 | SPSS | SQL |,11:34,科技驱动；午餐晚餐；六险一金；地铁周边,工作内容：,北京-朝阳区-团结湖-团结湖中青大厦19层,2020-05-25 13:09:16nice,10k-20k,数据分析师,北京,经验1-3年,本科及以上,全职,| 电商 | 社交 | 数据分析 |,11:43,十四薪、房补生活补助、团队氛围佳,工作职责：,北京-朝阳区-三元桥-凤凰置地A座,2020-05-25 13:09:41微拍堂,25k-35k,数据分析师,杭州,经验3-5年,大专及以上,全职,| 电商 | 新零售 | 商业 | SPSS | SQL |,11:48,六险一金 双休 节日福利 快速发展平台,"职位描述： 1、负责常规业务数据支持和数据分析，通过对业务数据深度诊断性组合分析、挖掘、深度分析,分析潜在业务机会给出可执行建议，并主动推动业务优化和体验改善； 2、与开发团队合作，针对用户体系、交易刷单等电商相关黑灰产进行风险计量，通过数据挖掘等手段，建立针对性的刷单风险管理策略、风险模型与侦测机制； 3、可独立承担复杂分析任务，对业务问题进行深入分析，为电商业务风控决策提供数据支持，能对关键分析思路进行产品化；",杭州-西湖区-西湖-文三路408号5号楼411室,2020-05-25 13:10:06喜茶,15k-25k,数据分析师,深圳,经验3-5年,本科及以上,全职,| 电商 | 新零售 |,11:28,"弹性工作,千万级用户,奖金丰厚,","1.根据业务流程搭建数据分析体系，统一数据口径，并将分析体系在BI平台上可视化；
2.及时响应业务团队数据统计分析需求，输出可读性强的分析报告，结合数据趋势对公司产品的运营和决策给出专业的建议；
3.根据应用产品的需求，设计数据算法方案，完成方案落地和复盘。",深圳-南山区-深圳市南山区航天科技广场,2020-05-25 13:10:32AKULAKU,8k-15k,风控数据分析师(J10532),深圳,经验1-3年,本科及以上,全职,| 风控 | 分析师 |,12:17,绩效激励 东南亚独角兽,"工作职责:
1. 负责日常业务监控体系，包括业务全流程/风控策略/贷后表现数据指标监控， 定期以报告形式对业务&风控情况作出输出汇报；
2. 维护&优化业务中采集各类型特征：包括数据采集，加工逻辑， 使用场景等；制定日常特征监控报告，并定期根据数据表现给出策略/模型一定数据应用建议；
3. 协助搭建数据集市，构建数据宽表，不断挖掘用户画像等各维度特征共各业务方使用；
4. 定期对风险策略/模型效果/产品盈利性 进行数据分析复盘，并根据分析结果，指出潜在问题&风险，并提出解决方案.
任职资格:
1. 一类本科及以上学历，数理统计等相关专业背景优先；
2. 1-3年互联网企业数据分析经验，有互联网信贷方面分析经验优先，优秀应届生也可考虑；
3. 精通 hive sql, 精通使用python进行数据分析处理；
4. 掌握统计学方法与工具，熟悉模型的统计检验相关方法；
5. 逻辑清晰，主动进取，较强的沟通能力，善于团队合作。",深圳-南山区-华中科技大学深圳产学研基地A座,2020-05-25 13:10:57卓牛科技,10k-20k,数据分析师,广州,经验3-5年,本科及以上,全职,| 移动互联网 | 商业 |,11:40,项目奖金，周末双休，平台前景好，五险一金,职位描述：,广州-天河区-珠江新城-珠江新城华强路9号保利克洛维中盈大厦2806-07单元,2020-05-25 13:11:22邻汇吧,15k-25k,数据分析师,杭州,经验1-3年,本科及以上,全职,| 数据分析 |,11:38,"五险一金(最高比例),福利优厚,期权",我们需要您:,杭州-余杭区-仓前街道良睦路1288号梦想小镇7号楼205室,2020-05-25 13:11:47成都九洲,14k-17k,大数据开发工程师,成都,经验3-5年,本科及以上,全职,| 大数据 |,10:21,国企背景，平台稳定，公司福利丰厚；,"工作内容与职责：
1. 负责大数据平台规划和搭建，完成大数据平台的日常运营工作；
2. 负责大数据技术方向前瞻技术的研究；
3. 负责数据分析相关系统的设计、研发。",成都-高新区-中和-天府软件园A2,2020-05-25 13:12:12中电万维,7k-14k,大数据开发工程师,成都,经验1-3年,本科及以上,全职,| DB2 | DBA | MySQL |,10:24,公司稳定 福利好 13薪 定期体检,大数据工程师：,成都-高新区-东方天祥广场A座2402,2020-05-25 13:12:37点点互动,25k-35k,数据分析师,北京,经验3-5年,本科及以上,全职,| 游戏 | 数据分析 | SPSS | SQL | 数据库 |,11:42,发展前景好,职位描述：,北京-海淀区-科学院南路融科资讯中心C座,2020-05-25 13:13:02字节跳动,25k-50k,资深数据分析师,北京,经验不限,本科及以上,全职,| 数据分析 |,11:47,"六险一金,股票期权,弹性工作,免费三餐",,北京-海淀区-北三环西路43号中航广场1号楼（矮楼）,2020-05-25 13:13:28字节跳动,10k-15k,数据分析师,深圳,经验3-5年,本科及以上,全职,| 运营 |,11:37,"六险一金,餐补,租房补贴,带薪休假",,深圳-南山区-北环大道天健创智中心A栋裙楼2F-8F,2020-05-25 13:13:53北京链家,9k-13k,数据分析专员,北京,经验1年以下,本科及以上,全职,| SQL | 数据分析 |,11:45,平台大，氛围好，专业透明,"工作职责:
1、支持部门数据需求，进行数据管理、统计和分析，以报表、分析报告等形式完成策略支持工作；
2、通过深入理解业务与管理流程，参与搭建人力资源管理分析体系；
3、专项研究分析，通过数据分析、调研等方式参与策略分析。
任职资格:
1、计算机或统计学相关专业，本科及以上（有相关工作经验可以不限专业背景）；
2、对数据有敏感度，思维敏捷，逻辑性好，学习能力强，能够快速熟悉业务逻辑；
3、熟练掌握MS office，掌握excel基本函数的使用；
4、熟练掌握SQL，熟悉基本函数。",北京-朝阳区-酒仙桥-将台路5号院16号楼链家总部,2020-05-25 13:14:34映客直播,15k-20k,数据分析师,广州,经验3-5年,本科及以上,全职,| 社交 | 直播 | 数据分析 | BI |,11:33,"弹性工作,福利好,氛围好",岗位职责：,广州-海珠区-赤岗-阅江西路218号广州国际媒体港西港11楼,2020-05-25 13:14:59拼多多,20k-35k,数据分析,上海,经验5-10年,本科及以上,全职,| 电商 | BI | 数据分析 | SPSS |,13:14,"福利待遇好,晋升快,团队氛围好,公司潜力佳",岗位职责：,上海-长宁区-娄山关路533号金虹桥国际中心,2020-05-25 13:15:24GeexFinance,10k-20k,资深数据分析师,上海,经验3-5年,本科及以上,全职,| 风控 |,11:30,"精英团队,优渥薪资,高速发展,大数据分析",参与建立和完善稽核和操作风险管理体系、制度及流程，针对不同风险特点提出解决方案，负责全国项目和风险管理部自身的稽核管理工作，提高公司整体的业务操作的标准化和流程化。,上海-杨浦区-淞沪路619号中航天盛大厦1701室,2020-05-25 13:15:49君海游戏,15k-25k,高级数据分析师,广州,经验5-10年,本科及以上,全职,| 游戏 | 移动互联网 | 算法 | 数据挖掘 | Hadoop |,11:28,"周末双休,优秀团队,包餐,五险一金","岗位职责：
1、对游戏数据进行分析,包括关键基础指标分析和用户行为等专题分析；
2、快速响应领导的数据分析需求支持；
3、使用数据处理工具对数据进行统计分析和输出结果。
4、对接日常数据需求并协助BI组完成数仓模块的优化、建设。",广州-海珠区-琶洲-新港东路618号南丰汇大厦7楼,2020-05-25 13:16:14上海唯都,8k-10k,数据分析师,北京,经验1-3年,大专及以上,全职,| 广告营销 | 数据分析 | 数据运营 |,11:32,弹性工作、年终奖金、补充医疗保险,"岗位内容：
宝马奔驰项目，招一位能处理数据，且能形成PPT报告的同事（基本诉求是数据分析，如果能熟练运用PPT ，形成数据报告是最好）",北京-朝阳区-燕莎-东三环北路天元港中心A座A2708B,2020-05-25 13:16:40齐聚科技（原呱呱视频）,15k-20k,数据分析师,北京,经验3-5年,大专及以上,全职,| 游戏 | 社交 | SQL | 数据分析 | 商业 |,11:34,"五险一金,弹性工作,餐补年终奖,节日福利",岗位职责：,北京-东城区-和平里东街11号雍和航星园三号楼一层,2020-05-25 13:17:05米多多游戏,10k-20k,数据分析师,广州,经验3-5年,本科及以上,全职,| 游戏 | 大数据 | 数据分析 | BI | SQL |,11:32,周末双休 项目奖金 年终双薪 加班补贴,岗位职责：,广州-天河区-棠下-锦达信商务大厦A座402-408,2020-05-25 13:17:30洋钱罐,15k-25k,数据分析师,北京,经验1-3年,本科及以上,全职,| 商业 | 数据分析 | SPSS | SQL |,11:34,科技驱动；午餐晚餐；六险一金；地铁周边,工作内容：,北京-朝阳区-团结湖-团结湖中青大厦19层,2020-05-25 13:17:55绿湾科技,15k-25k,数据分析师,深圳,经验3-5年,本科及以上,全职,| 大数据 | 数据挖掘 | 数据仓库 |,11:32,"高挑战,高待遇,高福利,高成长",岗位职责：,深圳-福田区-新闻路2号，英龙商务大厦，1302房,2020-05-25 13:18:20达观数据,12k-18k,数据分析师,北京,经验3-5年,本科及以上,全职,| 数据分析 |,11:41,六险一金 年假多 培训多 人工智能,1、参与调研数据需求，建立数据分析框架体系，输出数据分析报告、建模报告、数据报表等，为业务发展、模型优化提供数据支撑。,北京-海淀区-知春路-知春路量子芯座大厦,2020-05-25 13:18:45贵州电商云,5k-10k,数据分析师,贵阳,经验1-3年,本科及以上,全职,| SQL | 数据库 | 数据分析 |,11:33,氛围好 工作环境好,"职责描述：
1.对原始数据进行清洗、统计、整理、归档，为业务部门提供数据支撑
2.根据数据业务需求，对数据进行分析，并编写高质量的数据报告。通过数据模型预测相关业务场景发展趋势，深入分析行业发展；
3.负责指标体系的建设和计算出数；
4.负责数据项目的需求沟通调研，制定方案与标书的准备、讲解和客户答疑，参与拓展项目，要求思维灵活并具有一定的业务思维
5.了解、研究和分析当地出台电子商务、数据业务关联政策，对相关政策进行分析为政务数据业务提供有价值的意见参考。



任职要求：
1、两年以上工作经验，本科及以上学历，统计、数学、社会学或计算机等相关专业优先；
2、熟练掌握SQL、excel相关技能，并能熟练运用。有数据库使用和管理经验，数据挖掘、自然语言处理等项目背景尤佳；
3、掌握综合评价方法，熟悉指标体系构建流程；
4、能够使用python等工具进行数据处理、数据分析与挖掘；
5、良好的跨团队、部门沟通及推动能力，有强烈的主人翁意识，积极发扬团队合作精神；
6、富有创造力和想象力，对数据敏感，善于资料查询和自主学习。
7、统计、数学、社会学或计算机等相关专业",贵阳-观山湖区（金阳新区）-长岭南路33号天一国际广场11栋11层,2020-05-25 13:19:10字节跳动,10k-15k,数据分析师,深圳,经验3-5年,本科及以上,全职,| 运营 |,11:37,"六险一金,餐补,租房补贴,带薪休假",,深圳-南山区-北环大道天健创智中心A栋裙楼2F-8F,2020-05-25 13:19:35唯品会,15k-30k,高级数据分析师,广州,经验3-5年,本科及以上,全职,| SQLServer |,11:41,"创新团队,氛围好,免费三餐",岗位职责：,广州-荔湾区-花海街20号,2020-05-25 13:20:01橙鹰,15k-30k,资深数据分析师,杭州,经验5-10年,学历不限,全职,| 数据分析 |,11:40,阿里旗下、大数据,岗位职责：,杭州-余杭区-文一西路998号海创园4号楼908,2020-05-25 13:20:26快乐种子,8k-16k,数据分析,上海,经验1-3年,本科及以上,全职,| 教育 | 数据分析 |,11:28,公司稳定 交通便利 强度一般,岗位职责：,上海-徐汇区-虹梅路-宜山路1398号皓顺大厦2号楼6楼,2020-05-25 13:21:07酷我音乐,20k-30k,数据分析师,北京,经验3-5年,学历不限,全职,| 数据分析 |,11:37,十四薪，弹性工作，饭补，补充医疗,岗位职责：,北京-朝阳区-大屯-天辰东路7号国家会议中心写字楼北区三层,2020-05-25 13:21:32米多多游戏,10k-20k,数据分析师,广州,经验3-5年,本科及以上,全职,| 游戏 | 大数据 | 数据分析 | BI | SQL |,11:32,周末双休 项目奖金 年终双薪 加班补贴,岗位职责：,广州-天河区-棠下-锦达信商务大厦A座402-408,2020-05-25 13:21:57爱奇艺,20k-40k,资深数据分析师,北京,经验5-10年,本科及以上,全职,| 数据分析 |,11:41,带薪休假,"工作内容：
1、基于业务逻辑，建立业务数据模型与指标体系，通过数据挖掘与探索，深入分析业务发展状况，产出测算方案和模型，为商业决策提供参考。
2、跟进重点的业务项目，开展对应的资源测算、投入产出评估、价值分析，针对实际业务问题形成专题分析，可以给出具体解决方案并关注分析落地效果。
3、与运营、商务、商业化等部门良好沟通与配合，紧密跟踪业务数据变化，监测业务发展态势，定期输出相关报告。
4、管理3-5人分析团队，能够将工作经验沉淀出合理的工作方法，传递给初阶的分析人员，完成团队任务。

任职资格: 
1、统计、数学、经济等相关专业本科以上学历，具有5年以上互联网数据分析/市场研究工作经验。
2、善于建立经济模型，思考和测算商业逻辑的合理性。数据分析能力扎实，熟悉常用的数据统计和分析方法。
3、优秀的沟通能力和业务解读能力，快速学习，逻辑思维严谨、性格开朗、工作积极主动，责任心强。
4、较强的excel、PPT使用能力，会SQL、R、SPSS等数据工具优先。视频行业数据分析背景优先，有管理经验优先。",北京-海淀区-中关村-海淀北一街2号爱奇艺创新大厦,2020-05-25 13:22:22绿湾科技,15k-25k,数据分析师,深圳,经验3-5年,本科及以上,全职,| 大数据 | 数据挖掘 | 数据仓库 |,11:32,"高挑战,高待遇,高福利,高成长",岗位职责：,深圳-福田区-新闻路2号，英龙商务大厦，1302房,2020-05-25 13:22:47橙鹰,15k-30k,资深数据分析师,杭州,经验5-10年,学历不限,全职,| 数据分析 |,11:40,阿里旗下、大数据,岗位职责：,杭州-余杭区-文一西路998号海创园4号楼908,2020-05-25 13:23:13高阳捷迅,20k-30k,高级数据分析师,北京,经验5-10年,本科及以上,全职,| 运营 | 数据分析 |,11:31,福利待遇 职位空间,职责：,北京-海淀区-上地-上地农大南路88号万霖大厦2层,2020-05-25 13:23:38新康众,20k-35k,资深数据分析师,杭州,经验5-10年,本科及以上,全职,| 电商 | 其他 |,11:27,阿里生态 行业独角兽,资深数据分析师,杭州-余杭区-良睦路999号阿里巴巴-乐佳园区4号楼,2020-05-25 13:24:03GeexFinance,10k-20k,资深数据分析师,上海,经验3-5年,本科及以上,全职,| 风控 |,11:30,"精英团队,优渥薪资,高速发展,大数据分析",参与建立和完善稽核和操作风险管理体系、制度及流程，针对不同风险特点提出解决方案，负责全国项目和风险管理部自身的稽核管理工作，提高公司整体的业务操作的标准化和流程化。,上海-杨浦区-淞沪路619号中航天盛大厦1701室,2020-05-25 13:24:28君海游戏,15k-25k,高级数据分析师,广州,经验5-10年,本科及以上,全职,| 游戏 | 移动互联网 | 算法 | 数据挖掘 | Hadoop |,11:28,"周末双休,优秀团队,包餐,五险一金","岗位职责：
1、对游戏数据进行分析,包括关键基础指标分析和用户行为等专题分析；
2、快速响应领导的数据分析需求支持；
3、使用数据处理工具对数据进行统计分析和输出结果。
4、对接日常数据需求并协助BI组完成数仓模块的优化、建设。",广州-海珠区-琶洲-新港东路618号南丰汇大厦7楼,2020-05-25 13:24:53一览科技,20k-40k,数据分析师,北京,经验1-3年,本科及以上,全职,| 数据分析 |,11:18,"领导nic,福利多多,团队氛围好",岗位职责：,北京-朝阳区-望京-诚盈中心3号楼520室,2020-05-25 13:25:18道道,15k-30k,数据分析师,深圳,经验3-5年,硕士及以上,全职,| 教育 | 大数据 | 数据分析 |,11:11,AI风口行业 晋升机会大 团队大牛多,"岗位职责：
1、根据业务部门需求，充分利用现有数据资源，进行特征工程，构造有效合理的特征，建立合适的分析模型对业务问题进行分析；
2、根据院校历史最低录取排名、招生人数等数据，构建特征、建立预测模型，计算院校录取概率；
3、结合现有业务数据分析结果以及用户个性化需求，为用户推荐合适的内容；
4、基于具体业务规则，文本相似度等分析方法，进行数据清洗工作。

岗位要求： 
1、有数据分析/挖掘经验，有互联网行业分析经验优先； 
2、硕士学历，数学、统计、计算机专业优先； 
3、参加过完整的数据分析项目，能够独立开展研究项目和撰写分析报告；较强的数学、统计和计算机知识，熟悉特征工程，回归分析、概率分布等统计知识；
4、熟悉SQL，熟练掌握python，加分项：熟悉flask框架、docker、git，Go语言；
5、具备良好的沟通能力，能够进行跨团队的沟通协调。",深圳-南山区-科技园-科兴科学园A4栋1201,2020-05-25 13:25:44茄子快传,25k-50k,资深数据分析师,北京,经验3-5年,本科及以上,全职,| 视频 |,11:25,海外市场，视频产品，风口项目,工作职责:,北京-海淀区-中关村软件园23号楼,2020-05-25 13:26:09柏睿数据,15k-25k,数据分析师,北京,经验不限,硕士及以上,全职,| 大数据 | 数据分析 | 数据库 |,11:29,大数据 多绩效 BI 数据仓储,岗位职责：,北京-朝阳区-望京-望京保利国际广场T1,2020-05-25 13:26:34PKFARE比客,10k-20k,数据分析师,北京,经验不限,硕士及以上,全职,| 旅游 | 数据分析 | SQL |,11:27,"发展空间大,弹性上班,技术大牛",工作职责,北京-朝阳区-酒仙桥-驼房营南路8号新华科技大厦3A层3A01室,2020-05-25 13:26:59快乐种子,8k-16k,数据分析,上海,经验1-3年,本科及以上,全职,| 教育 | 数据分析 |,11:28,公司稳定 交通便利 强度一般,岗位职责：,上海-徐汇区-虹梅路-宜山路1398号皓顺大厦2号楼6楼,2020-05-25 13:27:40茄子快传,25k-50k,资深数据分析师,北京,经验3-5年,本科及以上,全职,| 视频 |,11:25,海外市场，视频产品，风口项目,工作职责:,北京-海淀区-中关村软件园23号楼,2020-05-25 13:28:05PKFARE比客,10k-20k,数据分析师,北京,经验不限,硕士及以上,全职,| 旅游 | 数据分析 | SQL |,11:27,"发展空间大,弹性上班,技术大牛",工作职责,北京-朝阳区-酒仙桥-驼房营南路8号新华科技大厦3A层3A01室,2020-05-25 13:28:30Shopee,18k-28k,高级数据分析师,上海,经验3-5年,本科及以上,全职,| 电商 | 移动互联网 | MySQL | 数据分析 |,11:27,专业团队、零食饮料、领导nice、福利好,职责描述：,上海-徐汇区-漕河泾-新漕河泾国际商务中心,2020-05-25 13:28:56海万科技,14k-18k,数据分析师,上海,经验3-5年,本科及以上,全职,| BI | 数据分析 |,11:20,五险一金，双休，节假日有礼品,1.负责数据仓库模型的需求分析、建模；               2.运用BI工具，根据场景需求、投递BI数据需求，研发可视化界面                           岗位要求：1.本科及以上学历，3年以上经验，至少3年BI工作经验  2.熟悉掌握：Qlikview  Tableau Cognos等精通：                            3.数据仓库架构及远离，能进行数据仓库数据模型的设计、开发        4.精通Python                                                                                 5.熟练掌握hadoop+spark+hase大数据平台构建、使用,上海-浦东新区-洋泾-张杨路2389弄LCM置汇旭辉广场,2020-05-25 13:29:21爱美购,10k-20k,数据分析师,深圳,经验3-5年,本科及以上,全职,| 电商 | 移动互联网 | 数据分析 | 数据运营 | BI |,11:24,自有平台 用户量大 欧美市场,工作内容：,深圳-南山区-科技园-科兴科学园,2020-05-25 13:29:46ENTROBUS,8k-15k,数据分析师,广州,经验1-3年,本科及以上,全职,| 大数据 | 数据分析 | 商业 |,11:25,地铁周边，周末双休，五险一金,"岗位职责：
1.负责业务需求分析和客户沟通，深挖客户数据分析需求，针对不同行业应用场景特点，输出行业大数据应用方案（房地产、零售业、烟草等）；
2.快速学习现有数据产品体系，将数据模型运用到各行业业务中，迭代形成公司级的数据产品。
3.对数据进行清洗和整合，负责特征工程、模型训练与测试、模型应用等搭建工作；
4. 负责数据仓库、爬取引擎、搜索引擎、个性化推荐引擎等的技术主导设计； 

岗位要求：
1.本科及以上学历，计算机、数学、统计、工商管理、市场营销等相关专业优先；211/985及海外毕业留学生优先考虑。
2.1年以上行业大数据分析相关经验，熟悉数学建模、机器学习、数据挖掘等；
3.熟练使用Python或Pyspark，具有处理大规模数据的经验；
4.对数据的场景化构建能力强，好钻研，积极主动，有自己的见解；
5.具备良好的沟通合作技巧，较强的责任心及团队合作精神，工作踏实认真；",广州-番禺区-大学城-广州大学城信息枢纽楼6层熵商科技,2020-05-25 13:30:12高阳捷迅,20k-30k,高级数据分析师,北京,经验5-10年,本科及以上,全职,| 运营 | 数据分析 |,11:31,福利待遇 职位空间,职责：,北京-海淀区-上地-上地农大南路88号万霖大厦2层,2020-05-25 13:30:40广州南天,8k-12k,数据分析师,广州,经验1-3年,本科及以上,全职,| 数据分析 |,11:31,"五险一金,年终奖金,带薪年假,周末双休",工作职责：,广州-天河区-中山大道天河软件园建工路1号南天大厦五层,2020-05-25 13:31:05GeexFinance,15k-25k,数据分析师,上海,经验3-5年,本科及以上,全职,| 金融 | 商业 | BI | 可视化 | 数据分析 |,13:29,高速发展 精英团队 大牛带路,岗位职责：,上海-杨浦区-淞沪路619号中航天盛大厦17层,2020-05-25 13:31:30字节跳动,8k-12k,数据分析师,成都,经验3-5年,本科及以上,全职,| 运营 |,11:18,"六险一金,餐补,租房补贴,带薪休假",,成都-锦江区-红星路3段1号国际金融中心IFS1号办公大楼15层,2020-05-25 13:31:55Know Yourself,12k-20k,数据分析,上海,经验1-3年,本科及以上,全职,| 大数据 | 数据分析 |,11:08,"五险一金,扁平化管理,弹性工作,交通便利",工作内容：,上海-长宁区-天山路-天山路,2020-05-25 13:32:21美篇,14k-28k,数据分析师,北京,经验3-5年,本科及以上,全职,| 可视化 | 数据分析 |,13:30,六险一金，租房补贴，晚餐下午茶，无息贷款,【岗位职责】,北京-海淀区-学院路-知春路量子芯座20层,2020-05-25 13:32:46小米,15k-30k,数据分析师,北京,经验3-5年,本科及以上,全职,| 移动互联网 | 数据分析 |,11:20,大平台,工作职责：,北京-海淀区-清河-小米总参,2020-05-25 13:33:11下厨房,8k-15k,数据分析师,北京,经验1-3年,本科及以上,全职,| 数据分析 |,11:16,免费午餐 弹性上班,岗位职责：,北京-海淀区-清河-宝盛路与黑泉路宝盛广场B座4层,2020-05-25 13:33:36Goat Games,20k-35k,高级数据分析师,广州,经验3-5年,本科及以上,全职,| 数据处理 | 数据分析 |,11:49,团队好 待遇好 前景好,【岗位职责】,广州-天河区-林和东路285号天安人寿中心25楼,2020-05-25 13:34:17筷子科技,10k-20k,数据分析师,广州,经验3-5年,本科及以上,全职,| 广告营销 | 大数据 | 数据分析 |,11:50,独角兽产品；一线品牌客户；数据驱动,"1、与客户沟通，理解、细化客户的数据分析需求，了解客户对数据需求背后的目的，更好地为客户提供解决方案。
2、根据商业背景和相关行业背景，进行数据建模，建立画像，搭建清晰的数据分析框架，设计数据分析产品方案，将客户需求落地到产品；
3、基于多维大数据以及不同数据特点，使用公司自有大数据分析工具，洞悉数据背后的信息，满足客户的分析需求；
4、结合自身和团队的研究经验，基于数据洞察结果提出合理的解决方案和意见，提升数据价值；
5、承担项目数据分析报表和数据分析报告撰写的主笔工作；
6、管理数据训机团队，保证数据的准确和实时回到系统。

任职条件
1、本科以上学历；
2、有3年以上的咨询公司、广告/公关公司或大型企业市场研究或用户研究部门工作背景；
3、对广告行业有一定的了解，对数据有较高的敏锐性；
4、具备数据操作能力，熟练使用Excel，有Power BI、tableau、神策数据等BI软件或平台使用经验更佳；
5、具备独立完成PPT制作，报告撰写能力；
6、良好的沟通与表达能力，能与客户对接需求。",广州-越秀区-水荫路117号星光映景大厦23层05-08单元,2020-05-25 13:34:42小鸡叫叫,6k-12k,数据分析师,成都,经验1-3年,本科及以上,全职,| 数据分析 | 数据运营 | SQL |,11:40,**项目 双休 年底双薪加年终奖,【岗位职责】,成都-武侯区-天府新谷10号楼,2020-05-25 13:35:08nice,10k-20k,数据分析师,北京,经验1-3年,本科及以上,全职,| 电商 | 社交 | 数据分析 |,11:43,十四薪、房补生活补助、团队氛围佳,工作职责：,北京-朝阳区-三元桥-凤凰置地A座,2020-05-25 13:35:3351社保网,15k-24k,数据分析师,北京,经验3-5年,本科及以上,全职,| 企业服务 | 数据分析 |,11:50,七险一金、带薪年假、扁平管理,职位需求：,北京-朝阳区-CBD-国贸建外SOHO西区17号楼16层,2020-05-25 13:35:59微拍堂,25k-35k,数据分析师,杭州,经验3-5年,大专及以上,全职,| 电商 | 新零售 | 商业 | SPSS | SQL |,11:48,六险一金 双休 节日福利 快速发展平台,"职位描述： 1、负责常规业务数据支持和数据分析，通过对业务数据深度诊断性组合分析、挖掘、深度分析,分析潜在业务机会给出可执行建议，并主动推动业务优化和体验改善； 2、与开发团队合作，针对用户体系、交易刷单等电商相关黑灰产进行风险计量，通过数据挖掘等手段，建立针对性的刷单风险管理策略、风险模型与侦测机制； 3、可独立承担复杂分析任务，对业务问题进行深入分析，为电商业务风控决策提供数据支持，能对关键分析思路进行产品化；",杭州-西湖区-西湖-文三路408号5号楼411室,2020-05-25 13:36:27小鹏汽车,7k-10k,数据分析专员,广州,经验1-3年,大专及以上,全职,| 数据分析 |,11:47,大厂 福利好 成长快,岗位职责：,广州-天河区-松岗大街8号小鹏汽车智能产业园区,2020-05-25 13:36:54卓牛科技,10k-20k,数据分析师,广州,经验3-5年,本科及以上,全职,| 移动互联网 | 商业 |,11:40,项目奖金，周末双休，平台前景好，五险一金,职位描述：,广州-天河区-珠江新城-珠江新城华强路9号保利克洛维中盈大厦2806-07单元,2020-05-25 13:37:21点点互动,25k-35k,数据分析师,北京,经验3-5年,本科及以上,全职,| 游戏 | 数据分析 | SPSS | SQL | 数据库 |,11:42,发展前景好,职位描述：,北京-海淀区-科学院南路融科资讯中心C座,2020-05-25 13:37:48博乐科技,10k-20k,数据分析,北京,经验1-3年,本科及以上,全职,| 游戏 | BI | 数据分析 | 数据运营 |,12:18,"项目奖金,氛围轻松,晋升空间",岗位职责,北京-朝阳区-奥运村-北辰新纪元2，2305,2020-05-25 13:38:16掌门1对1在线教育,15k-25k,数据分析师,上海,经验1-3年,本科及以上,全职,| 教育 | 移动互联网 | 数据分析 | 行业分析 | 市场竞争分析 | 消费者分析 |,12:02,14薪 员工旅游 定期体检 五险一金,职位描述：,上海-虹口区-四平路-海伦路地铁站1号口金融街D栋,2020-05-25 13:38:42无糖信息,8k-11k,高级数据分析师,成都,经验1-3年,本科及以上,全职,| 数据分析 |,11:57,弹性上班 双休 五险一金 年终奖,岗位职责：,成都-高新区-吉瑞三路99号皇庭国际中心A座22楼,2020-05-25 13:39:08无糖信息,7k-12k,数据分析师,成都,经验1-3年,大专及以上,全职,| 数据分析 |,11:57,弹性上班 双休 五险一金 年终奖,"岗位职责：
1、根据业务需求，通过SQL、python等操作，整理和分析各种数据，制作项目分析报告；
2、根据业务需求，通过数据挖掘、自然语言处理或其他手段，建立针对性的识别或者分类模型；
3、针对季度、年度数据，对不同类型的数据进行针对性分析。
任职要求：
1、熟练使用SQL，至少可以使用Python、R、SAS其中一款软件进行数据清洗和分析，具备自然语言处理文本数据处理能力；
2、熟悉NLP领域当前热点和前沿技术，对NLP有完整系统的认识，对深度学习有一定的了解；
3、良好的沟通能力和表达能力，工作细致认真，有快速学习能力，能快速响应业务需求；
4、具有词性标注、实体识别、句法分析、文本分类、信息抽取、知识图谱、自动摘要等自然语言项目经验者优先",成都-高新区-吉瑞三路99号皇庭国际中心A座22楼,2020-05-25 13:39:33字节跳动,15k-30k,资深数据分析师,北京,经验不限,本科及以上,全职,| 数据分析 |,11:46,六险一金，弹性工作，免费三餐，团队氛围好,,北京-海淀区-北三环西路43号中航广场1号楼（矮楼）,2020-05-25 13:39:59字节跳动,15k-30k,资深数据分析师,北京,经验不限,本科及以上,全职,| 数据分析 |,11:46,六险一金，弹性工作，免费三餐，团队氛围好,,北京-海淀区-北三环西路43号中航广场1号楼（矮楼）,2020-05-25 13:40:24橙鹰,15k-30k,资深数据分析师,杭州,经验3-5年,本科及以上,全职,| 大数据 | 数据分析 |,11:40,阿里系 大牛多 挑战大 机会多,岗位职责：,杭州-余杭区-文一西路998号海创园4号楼908,2020-05-25 13:41:08新浪网,2k-3k,数据分析实习生,北京,经验应届毕业生,本科及以上,实习,| SQL | 数据分析 |,11:29,免费早餐；健身房；免费班车,职位描述：,北京-海淀区-西北旺-西二旗新浪总部大厦,2020-05-25 13:41:33映客直播,15k-20k,数据分析师,广州,经验3-5年,本科及以上,全职,| 社交 | 直播 | 数据分析 | BI |,11:33,"弹性工作,福利好,氛围好",岗位职责：,广州-海珠区-赤岗-阅江西路218号广州国际媒体港西港11楼,2020-05-25 13:41:59上海唯都,8k-10k,数据分析师,北京,经验1-3年,大专及以上,全职,| 广告营销 | 数据分析 | 数据运营 |,11:32,弹性工作、年终奖金、补充医疗保险,"岗位内容：
宝马奔驰项目，招一位能处理数据，且能形成PPT报告的同事（基本诉求是数据分析，如果能熟练运用PPT ，形成数据报告是最好）",北京-朝阳区-燕莎-东三环北路天元港中心A座A2708B,2020-05-25 13:42:24齐聚科技（原呱呱视频）,15k-20k,数据分析师,北京,经验3-5年,大专及以上,全职,| 游戏 | 社交 | SQL | 数据分析 | 商业 |,11:34,"五险一金,弹性工作,餐补年终奖,节日福利",岗位职责：,北京-东城区-和平里东街11号雍和航星园三号楼一层,2020-05-25 13:42:51洋钱罐,15k-25k,数据分析师,北京,经验1-3年,本科及以上,全职,| 商业 | 数据分析 | SPSS | SQL |,11:34,科技驱动；午餐晚餐；六险一金；地铁周边,工作内容：,北京-朝阳区-团结湖-团结湖中青大厦19层,2020-05-25 13:43:17柏睿数据,15k-25k,数据分析师,北京,经验不限,硕士及以上,全职,| 大数据 | 数据分析 | 数据库 |,11:29,大数据 多绩效 BI 数据仓储,岗位职责：,北京-朝阳区-望京-望京保利国际广场T1,2020-05-25 13:43:43茄子快传,25k-50k,资深数据分析师,北京,经验3-5年,本科及以上,全职,| 视频 |,11:25,海外市场，视频产品，风口项目,工作职责:,北京-海淀区-中关村软件园23号楼,2020-05-25 13:44:09米多多游戏,10k-20k,数据分析师,广州,经验3-5年,本科及以上,全职,| 游戏 | 大数据 | 数据分析 | BI | SQL |,11:32,周末双休 项目奖金 年终双薪 加班补贴,岗位职责：,广州-天河区-棠下-锦达信商务大厦A座402-408,2020-05-25 13:44:35小米,15k-30k,数据分析师,北京,经验3-5年,本科及以上,全职,| 移动互联网 | 数据分析 |,11:20,大平台,工作职责：,北京-海淀区-清河-小米总参,2020-05-25 13:45:01贵州电商云,5k-10k,数据分析师,贵阳,经验1-3年,本科及以上,全职,| SQL | 数据库 | 数据分析 |,11:33,氛围好 工作环境好,"职责描述：
1.对原始数据进行清洗、统计、整理、归档，为业务部门提供数据支撑
2.根据数据业务需求，对数据进行分析，并编写高质量的数据报告。通过数据模型预测相关业务场景发展趋势，深入分析行业发展；
3.负责指标体系的建设和计算出数；
4.负责数据项目的需求沟通调研，制定方案与标书的准备、讲解和客户答疑，参与拓展项目，要求思维灵活并具有一定的业务思维
5.了解、研究和分析当地出台电子商务、数据业务关联政策，对相关政策进行分析为政务数据业务提供有价值的意见参考。



任职要求：
1、两年以上工作经验，本科及以上学历，统计、数学、社会学或计算机等相关专业优先；
2、熟练掌握SQL、excel相关技能，并能熟练运用。有数据库使用和管理经验，数据挖掘、自然语言处理等项目背景尤佳；
3、掌握综合评价方法，熟悉指标体系构建流程；
4、能够使用python等工具进行数据处理、数据分析与挖掘；
5、良好的跨团队、部门沟通及推动能力，有强烈的主人翁意识，积极发扬团队合作精神；
6、富有创造力和想象力，对数据敏感，善于资料查询和自主学习。
7、统计、数学、社会学或计算机等相关专业",贵阳-观山湖区（金阳新区）-长岭南路33号天一国际广场11栋11层,2020-05-25 13:45:28绿湾科技,15k-25k,数据分析师,深圳,经验3-5年,本科及以上,全职,| 大数据 | 数据挖掘 | 数据仓库 |,11:32,"高挑战,高待遇,高福利,高成长",岗位职责：,深圳-福田区-新闻路2号，英龙商务大厦，1302房,2020-05-25 13:45:54高阳捷迅,20k-30k,高级数据分析师,北京,经验5-10年,本科及以上,全职,| 运营 | 数据分析 |,11:31,福利待遇 职位空间,职责：,北京-海淀区-上地-上地农大南路88号万霖大厦2层,2020-05-25 13:46:22广州南天,8k-12k,数据分析师,广州,经验1-3年,本科及以上,全职,| 数据分析 |,11:31,"五险一金,年终奖金,带薪年假,周末双休",工作职责：,广州-天河区-中山大道天河软件园建工路1号南天大厦五层,2020-05-25 13:46:48君海游戏,15k-25k,高级数据分析师,广州,经验5-10年,本科及以上,全职,| 游戏 | 移动互联网 | 算法 | 数据挖掘 | Hadoop |,11:28,"周末双休,优秀团队,包餐,五险一金","岗位职责：
1、对游戏数据进行分析,包括关键基础指标分析和用户行为等专题分析；
2、快速响应领导的数据分析需求支持；
3、使用数据处理工具对数据进行统计分析和输出结果。
4、对接日常数据需求并协助BI组完成数仓模块的优化、建设。",广州-海珠区-琶洲-新港东路618号南丰汇大厦7楼,2020-05-25 13:47:15