主演,5星,制片国家/地区,编剧,4星,类型,豆瓣评分,3星,上映日期,1星,2星,电影名称,片长
刘烨/冯远征/张嘉译/陈坤/马少骅/李沁/周润发/赵本山/黄磊/吕良伟/刘德华/廖凡/董洁/周迅/范冰冰/张一山/王丹戎/李晨/黄轩/戚玉武/王学兵/周杰/王柏杰/董璇/叶璇/柳云龙/张家辉/范伟/方中信/冯巩/余少群/张涵予/李菁/陶泽如/侯勇/吴彦祖/王学圻/冯丹滢/徐峥/车永莉/王珞丹/陈道明/刘桦/井柏然/王力宏/刘佩琦/爱新觉罗・启星/韩庚/邓超/何平/李雪健/维塔斯/潘粤明/方力申/任达华/李湘/郭晓东/姜武/杨洋/郭涛/句号/杨颖/张震,,中国大陆 / 香港,董哲/郭俊立/黄建新,,剧情/历史,,,2011/6/15,,,建党伟业,124分钟
希亚・拉博夫/罗茜・汉丁顿-惠特莉/乔什・杜哈明/泰瑞斯・吉布森/约翰・马尔科维奇/弗兰西斯・麦克多蒙德/郑肯/凯文・杜恩/朱丽叶・怀特/帕特里克・德姆西/艾伦・图代克,12.80%,美国,伊伦・克鲁格,36.90%,动作/科幻,7,41.10%,2011/7/21,1.70%,7.50%,变形金刚3 Transformers: Dark of the Moon,154分钟
杰克・布莱克/安吉丽娜・朱莉/达斯汀・霍夫曼/加里・奥德曼/成龙/塞斯・罗根/刘玉玲/大卫・克罗斯/吴汉章/杨紫琼/丹尼・麦克布莱德/丹尼斯・海斯伯特/尚格・云顿/维克多・加博/迈克・贝尔/艾普尔・洪/亚历山德拉・戈尔德・朱尔登/斯蒂芬・凯林/利亚姆・奈特/保罗・马祖斯基/丹・奥康纳/罗密・罗斯蒙特/莫瑞・史特林/弗莱德・塔他斯西奥/劳伦・汤姆/康拉德・弗农,26.70%,美国,乔纳森・阿贝尔/格伦・伯杰,48.30%,喜剧/动作/动画/冒险,8,23.00%,2011/5/28,0.30%,1.70%,功夫熊猫2 Kung Fu Panda 2,91分钟
克里斯蒂安・贝尔/倪妮/张歆怡/黄天元/韩熙庭/张逗逗/佟大为/曹可凡/渡部笃郎/黄海波/窦骁/聂远/高虎/秦昊/李h敏/白雪/袁杨纯子/孙佳/朱良奇/小林成男/山中崇/保罗・施耐德/李纯/顾璇/周梦乔/周羽/邓莉/苏小妹/钱柳吟/叶清源 Qingyuan Ye/戴瑶君/沈俊然/李楚楚/金子欣/李瑞琦/谷艺璇/许佳丽/张照怡/王靖雯/谭逸敏/赵伊聪/来喜/奇道/王超北/王羽铮/李飞/王聪/项斌/郭晓明/涩谷天马/|冈润一,29.00%,中国大陆 / 香港,刘恒/严歌苓,45.80%,剧情/历史/战争,8,21.10%,2011/12/15,1.20%,2.90%,金陵十三钗,145分钟
李连杰/周迅/陈坤/李宇春/桂纶镁/范晓萱/樊少皇/杜奕衡/刘家辉/张馨予/盛鉴/薛剑/王双宝/韩飞行/李炳渊/庄杰/吴迪/李军如/李思博/翟钢/吕德亮/戴明/周大庆/安琪儿/高杰/钢特木尔/张秋风/张东/白斯古楞/石占杰/石凯/卫博/沙学周/肖瑞/吴飞/张兆玉/张成林/吴正林,9.00%,中国大陆 / 香港,徐克/何冀平/朱雅,31.70%,动作/武侠/古装,6.7,46.30%,2011/12/15,2.40%,10.60%,龙门飞甲,120分钟
约翰尼・德普/佩内洛普・克鲁兹/杰弗里・拉什/伊恩・麦柯肖恩/山姆・克拉弗林/阿斯特丽德・伯格斯-弗瑞斯贝/凯文・麦克纳利/斯蒂芬・格拉汉姆/凯斯・理查德兹/理查德・格雷弗斯/嘉玛・沃德/朱迪・丹奇,17.20%,美国,泰德・艾略特/特里・鲁西奥,44.10%,动作/奇幻/冒险,7.5,34.50%,2011/5/20,0.50%,3.70%,加勒比海盗4：惊涛怪浪 Pirates of the Caribbean: On Stranger Tides,136分钟
丹尼尔・雷德克里夫/艾玛・沃森/鲁伯特・格林特/海伦娜・伯翰・卡特/拉尔夫・费因斯/艾伦・瑞克曼/玛吉・史密斯/汤姆・费尔顿/邦妮・怀特/朱丽・沃特斯/迈克尔・刚本/伊文娜・林奇/多姆纳尔・格里森/克蕾曼丝・波西/詹森・艾萨克/海伦・麦克洛瑞/马修・刘易斯/梁佩诗,49.00%,美国 / 英国,史蒂夫・克洛夫斯/J・K・罗琳,36.10%,剧情/悬疑/奇幻/冒险,8.6,13.60%,2011/8/4,0.40%,1.10%,哈利・波特与死亡圣器(下) Harry Potter and the Deathly Hallows: Part 2,130分钟
白百何/文章/张嘉译/王耀庆/张子萱/郭京飞/曹翠芬/魏宗万/海清/廖凡/徐梵溪/李念/焦俊艳/艾如/叶一云/赵毅/姚笛/李晨/马伊P/陈羽凡/张歆艺/张默/刘天佐/李晓峰,15.00%,中国大陆,鲍鲸鲸,42.10%,剧情/爱情,7.3,37.00%,2011/11/8,1.10%,4.90%,失恋33天,110分钟
尼尔・帕特里克・哈里斯/杰玛・梅斯/汉克・阿扎利亚/乔纳森・温特斯/凯蒂・派瑞/艾伦・卡明/乔治・洛佩兹/保罗・雷宾斯/基南・汤普森/B・J・诺瓦克/杰夫・福克斯沃西/沃尔夫冈・帕克/索菲娅・维加拉/安东・叶利钦,14.90%,美国 / 比利时,J・大卫・斯提姆/戴维・N・韦斯/佩约/杰・舒瑞克/大卫・隆恩,39.20%,喜剧/动画/家庭/奇幻,7.2,38.80%,2011/8/10,1.10%,6.10%,蓝精灵 The Smurfs,103分钟
范・迪塞尔/保罗・沃克/道恩・强森/乔丹娜・布鲁斯特/泰瑞斯・吉布森/卢达克里斯/马特・斯查尔兹/姜成镐/盖尔・加朵/埃尔莎・帕塔奇/乔昆姆・德・阿尔梅达/迈克尔・埃尔比,38.40%,美国,克里斯・摩根/盖瑞・斯科特・汤普森,44.80%,动作/犯罪,8.4,15.30%,2011/5/12,0.30%,1.20%,速度与激情5 Fast Five,130分钟
艾伦・艾克哈特/米歇尔・罗德里格兹/拉蒙・罗德里格兹/布丽姬・穆娜/迈克尔・佩纳/威尔・罗斯海尔/科里・哈德里克/尼欧,4.20%,美国,,20.50%,动作/科幻,6,51.90%,2011/3/18,4.80%,18.70%,洛杉矶之战 Battle: Los Angeles,116分钟
古天乐/刘青云/吴彦祖/曾江/叶璇/黄奕/刘浩龙/胡枫/骆应钧/江毅/焦姣/郭锋/林迪安/邹凯光/方中信/钟均呈,13.90%,香港 / 中国大陆,麦兆辉/庄文强,51.50%,剧情/动作/悬疑/犯罪,7.5,31.80%,2011/8/18,0.30%,2.50%,窃听风云2,117分钟(中国大陆)
刘德华/谢霆锋/范冰冰/成龙/吴京/余少群/熊欣欣/于海/释彦能/白冰/景珂/岛田那,4.10%,中国大陆 / 香港,袁锦麟/张志光/王秋雨/陈锦昌/张炭,17.00%,剧情/动作,5.9,51.80%,2011/1/19,5.50%,21.60%,新少林寺,132分钟
李连杰/黄圣依/林峰/蔡卓妍/文章/徐若u/姜武/杨千/杜汶泽/罗家英/郭羡妮/林雪,2.10%,中国大陆,张炭/曾瑾昌,7.80%,动作/爱情/奇幻/古装,4.7,34.60%,2011/9/28,20.50%,35.00%,白蛇传说,103分钟
詹姆斯・弗兰科/安迪・瑟金斯/汤姆・费尔顿/芙蕾达・平托/布莱恩・考克斯/泰勒・莱伯恩/约翰・利思戈/卡琳・考诺娃/泰瑞・诺塔里/理查德・赖丁斯/克里斯托弗・戈登/德文・达尔顿/杰・卡普托/大卫・奥伊罗/杰米・哈里斯,24.20%,美国,里克・杰法/阿曼达・斯尔沃/皮埃尔・布尔,53.30%,剧情/动作/科幻,8,20.90%,2011/10/28,0.20%,1.40%,猩球崛起 Rise of the Planet of the Apes,105分钟
李亚鹏/徐静蕾/王学兵/杜汶泽/何洁/程伊/崔达治/优{/陈明/宁浩/冯|/王芸/曹卫宇/赵薇,8.50%,中国大陆,沈巍/邢爱娜/某小丫/黄子珈,30.80%,剧情/爱情,6.6,45.50%,2011/2/12,3.20%,12.00%,将爱情进行到底,103分钟
闫妮/姚晨/沙溢/喻恩泰/倪虹洁/姜超/肖剑/岳跃利/王磊/午马,7.80%,中国大陆,宁财神,25.30%,喜剧/动作/古装,6.4,49.00%,2011/1/26,3.30%,14.70%,武林外传,92分钟
邓超/孙俪/闫妮/郑爽/柳岩/谢楠/邹兆龙/包贝尔/曾志伟/莫小棋/安志杰/包文婧/夏一瑶/蓝盈莹,2.50%,中国大陆 / 香港,陈嘉上,6.30%,剧情/动作/爱情/奇幻,4.4,29.00%,2011/9/29,26.90%,35.30%,画壁,122分钟
甄子丹/金城武/汤唯/王羽/惠英红/李小冉/姜武,6.10%,香港 / 中国大陆,林爱华,31.70%,剧情/动作/悬疑/武侠,6.6,49.60%,2011/7/4,2.10%,10.60%,武侠,115分钟
张柏芝/古天乐/甄子丹/刘嘉玲/黄百鸣/闫妮/熊黛林/杜汶泽/杨颖/汪圆圆/郑中基,1.90%,中国大陆 / 香港,黄百鸣/何妙祺,9.30%,喜剧/爱情,5.2,46.30%,2011/1/31,11.70%,30.80%,最强质,103分钟
甄子丹/姜文/孙俪/方中信/李宗翰/赵柯/王学兵/钱小豪/邵兵/董勇/王柏杰,2.20%,中国大陆 / 香港,麦兆辉/庄文强,8.10%,剧情/动作/传记/历史,4.9,38.10%,2011/4/26,16.50%,35.10%,关云长,110分钟
黎明/冯绍峰/刘亦菲/张涵予/黄秋生/陈小春/安志杰/贾青/孙文婷/孟瞳迪/黄姿琪/修庆/丁海峰/徐向东/陈观泰/午马/陈之辉/杜玉明,7.60%,中国大陆 / 香港,李仁港,26.50%,剧情/动作/爱情/历史/古装,6.3,45.20%,2011/11/29,5.30%,15.40%,鸿门宴传奇,135分钟
祖丽晴/张琳/邓玉婷/梁颖/刘红韵/高全胜/赵娜,6.90%,中国大陆,,20.90%,喜剧/动画,6.2,51.80%,2011/1/21,6.00%,14.30%,喜羊羊与灰太狼之兔年顶呱呱,88分钟
休・杰克曼/达科塔・高尤/凯文・杜兰/安东尼・麦凯/伊万杰琳・莉莉/霍普・戴维斯/詹姆斯・瑞布霍恩/奥嘉・方达,31.40%,美国 / 印度,丹・吉尔罗伊/约翰・盖汀斯/杰里米・莱文,47.20%,剧情/动作/科幻/运动,8.1,19.20%,2011/11/8,0.40%,1.80%,铁甲钢拳 Real Steel,127分钟
约翰尼・德普/安吉丽娜・朱莉/卢夫斯・塞维尔/保罗・贝坦尼/提摩西・道尔顿/史蒂文・伯克夫/克里斯蒂安・德・西卡/阿莱西奥・博尼/丹尼尔・佩奇/乔万尼・圭代利/雷欧・波瓦,7.90%,美国 / 法国 / 意大利,朱利安・费罗斯/克里斯托弗・麦奎里/弗洛里安・亨克尔・冯・多纳斯马尔克/热罗姆・萨尔,28.70%,剧情/悬疑/惊悚,6.6,49.80%,2011/2/13,1.70%,11.80%,致命伴旅 The Tourist,105分钟
马克・沃尔伯格/斯坦利・图齐/凯尔希・格兰莫/妮可拉・佩尔茨/杰克・莱诺/提图斯・维里沃/索非亚・迈尔斯/李冰冰/T・J・米勒/彼特・库伦/约翰・迪・玛吉欧/罗伯特・福克沃斯/约翰・古德曼/马克・瑞安/渡边谦/弗兰克・维尔克/雷诺・维尔森/阿比盖尔・克莱恩/托马斯・列农/韩庚/巫刚/吕良伟/王敏德 /纪培慧/邹市明,10.30%,美国 / 中国大陆,伊伦・克鲁格,27.70%,动作/科幻,6.5,44.30%,2014/6/27,4.20%,13.60%,变形金刚4：绝迹重生 Transformers: Age of Extinction,166分钟
黄渤/徐峥/袁泉/周冬雨/陶慧/岳小军/沈腾/张俪/马苏/刘美含/王砚辉/焦俊艳/郭涛/李晨/熊乃瑾/夏雨/刘仪伟/雷佳音/雍梦婷/梁浩,12.20%,中国大陆,岳小军/邢爱娜/孙小杭/董润年/章笛沙/张艺凡,37.30%,喜剧/爱情,7,40.30%,2014/9/30,2.00%,8.20%,心花路放,118分钟
甄子丹/周润发/郭富城/何润东/海一天/夏梓桐/陈乔恩/陈慧琳/梁咏琪/张梓琳/郑家星/刘桦/张兆辉/罗仲谦/李菁/汪圆圆/梁雨恩,2.00%,中国大陆 / 香港,黄子桓/霍昕/司徒锦源/陈大利,4.90%,动作/奇幻,4.1,24.70%,2014/1/31,35.10%,33.30%,西游记之大闹天宫,119分钟
张涵予/梁家辉/林更新/余男/佟丽娅/韩庚/陈晓/谢苗/吴旭东/杜奕衡/海一天/张立/释彦能/孙蛟龙/程思寒/元武/肖轶/王尧/杨一威,19.60%,中国大陆 / 香港,黄建新/李杨/徐克/吴兵/董哲/林启安,49.20%,动作/战争/冒险,7.7,26.80%,2014/12/23,1.00%,3.30%,智取威虎山,141分钟
马修・麦康纳/安妮・海瑟薇/杰西卡・查斯坦/卡西・阿弗莱克/迈克尔・凯恩/马特・达蒙/麦肯吉・弗依/蒂莫西・柴勒梅德/艾伦・伯斯汀/约翰・利思戈/韦斯・本特利/大卫・吉雅西/比尔・欧文/托弗・戈瑞斯/科莱特・沃夫/弗朗西斯・X・麦卡蒂/安德鲁・博尔巴/乔什・斯图沃特/莱雅・卡里恩斯/利亚姆・迪金森/杰夫・赫普内尔/伊莱耶斯・加贝尔/布鲁克・史密斯/大卫・奥伊罗/威廉姆・德瓦内/拉什・费加/格里芬・弗雷泽/弗洛拉・诺兰,65.70%,美国 / 英国 / 加拿大 / 冰岛,乔纳森・诺兰/克里斯托弗・诺兰,27.10%,剧情/科幻/冒险,9.1,6.20%,2014/11/12,0.30%,0.60%,星际穿越 Interstellar,169分钟
休・杰克曼/詹姆斯・麦卡沃伊/迈克尔・法斯宾德/詹妮弗・劳伦斯/哈莉・贝瑞/尼古拉斯・霍尔特/埃文・彼得斯/伊恩・麦克莱恩/帕特里克・斯图尔特/艾伦・佩吉/安娜・帕奎因/彼特・丁拉基/肖恩・阿什莫/卢卡斯・提尔/丹尼尔・库德摩尔/波波・斯图尔特/奥玛・希/范冰冰/阿丹・坎托/乔什・赫尔曼,31.70%,美国 / 英国,西蒙・金伯格/简・古德曼/马修・沃恩,47.60%,动作/科幻/冒险,8.2,18.90%,2014/5/23,0.30%,1.40%,X战警：逆转未来 X-Men: Days of Future Past,131分钟(美国)
克里斯・埃文斯/斯嘉丽・约翰逊/塞巴斯蒂安・斯坦/安东尼・麦凯/海莉・阿特维尔/艾米丽・万凯普/罗伯特・雷德福/塞缪尔・杰克逊/寇碧・史莫德斯/卡兰・马尔韦/弗兰克・格里罗/斯坦・李/托比・琼斯/珍妮・艾加特/乔治・圣皮埃尔/盖瑞・山德林/阿兰・戴尔/黄经汉/阿德托库姆布斯・麦克马克/多米尼克・瑞恩斯,24.10%,美国,克里斯托弗・马库斯/斯蒂芬・麦克菲利,49.70%,动作/科幻/冒险,7.9,24.00%,2014/4/4,0.40%,1.90%,美国队长2 Captain America: The Winter Soldier,136分钟
安迪・瑟金斯/杰森・克拉克/加里・奥德曼/凯丽・拉塞尔/托比・凯贝尔/柯蒂・斯密特-麦菲/柯克・埃斯沃多/尼克・瑟斯顿/泰瑞・诺塔里/卡琳・考诺娃/朱迪・格雷尔/乔恩・阿兹/恩里克・穆西安诺/拉勒米・道克・肖/李・罗斯,16.10%,美国,马克・鲍姆贝克/里克・杰法/阿曼达・斯尔沃/皮埃尔・布尔,47.90%,剧情/动作/科幻,7.5,32.10%,2014/8/29,0.60%,3.30%,猩球崛起2：黎明之战 Dawn of the Planet of the Apes,130分钟
林志颖/小小志/王岳伦/王诗龄/张亮/张悦轩/田亮/田雨橙/郭涛/郭子睿/李锐/何炅,11.50%,中国大陆,王海峰/潇雅,21.00%,喜剧/家庭/儿童,6,38.90%,2014/1/31,13.90%,14.70%,爸爸去哪儿,95分钟
邓超/杨幂/古力娜扎/栾元晖/秦越/许可嘉/梁超/赵曼竹/孙俪/柳岩/谢楠,4.00%,中国大陆,俞白眉,11.10%,喜剧/爱情,5,35.10%,2014/6/27,20.30%,29.40%,分手大师,116分钟
冯绍峰/陈柏霖/钟汉良/王珞丹/袁泉/陈乔恩/贾樟柯/白客/孔连顺/高华阳,16.80%,中国大陆,韩寒,36.40%,剧情,7.1,35.60%,2014/7/24,3.10%,8.10%,后会无期,104分钟
彭于晏/倪妮/郑恺/魏晨/张子萱/陈赫/毕夏/刘雅瑟/曹卫宇/张宁江,4.60%,中国大陆,李晗/刘晗/九夜茴,13.50%,爱情,5.3,39.40%,2014/12/5,14.70%,27.70%,匆匆那年,119分钟
克里斯・普拉特/佐伊・索尔达娜/布莱德利・库珀/范・迪塞尔/戴夫・巴蒂斯塔/李・佩斯/迈克尔・鲁克/凯伦・吉兰/杰曼・翰苏/本尼西奥・德尔・托罗/约翰・C・赖利/格伦・克洛斯/劳拉・哈德克/肖恩・古恩/彼得・塞拉菲诺威茨/埃米特・斯坎伦/奥菲利亚・拉维邦德,27.70%,美国 / 英国,詹姆斯・古恩/尼科尔・帕尔曼/丹・阿布内特/安迪・兰宁,46.60%,动作/科幻/冒险,8,22.60%,2014/10/10,0.60%,2.50%,银河护卫队 Guardians of the Galaxy,121分钟
安德鲁・加菲尔德/艾玛・斯通/杰米・福克斯/戴恩・德哈恩/坎贝尔・斯科特/艾伯丝・戴维兹/科鲁姆・费奥瑞/保罗・吉亚玛提/莎莉・菲尔德/克里斯・泽尔卡/丹尼斯・利瑞/弗兰克・迪尔/马尔顿・索克斯/斯坦・李/麦克斯・查尔斯/菲丽希缇・琼斯,14.50%,美国,艾里克斯・库兹曼/罗伯托・奥奇/杰夫・皮克纳/詹姆斯・范德比尔特/斯坦・李/史蒂夫・迪特寇,41.40%,动作/科幻/冒险,7.3,37.50%,2014/5/4,1.10%,5.60%,超凡蜘蛛侠2 The Amazing Spider-Man 2,142分钟
周润发/谢霆锋/杜汶泽/景甜/高虎/吴辰君/许绍雄/张晋/王敏德 /沈震轩/童菲/伍允龙,4.40%,中国大陆 / 香港,王晶,16.20%,喜剧/动作,5.6,45.50%,2014/1/31,10.00%,23.80%,澳门风云 城L,93分钟
姜文/葛优/周韵/舒淇/文章/王志文/洪晃/刘利年/那英/刘索拉/牛/姜洪齐/罗伯特・德尼罗/道格・佩尼卡斯,11.70%,中国大陆 / 美国 / 香港,姜文/郭俊立/王朔/廖一梅/述平/阎云飞/孙悦/孙睿/于彦琳,25.60%,喜剧/爱情/冒险,6.3,36.80%,2014/12/18,9.00%,17.00%,一步之遥,140分钟
杨幂/柯震东/郭采洁/陈学冬/郭碧婷/谢依霖/李贤宰/锦荣/任言恺/王琳/姜潮/商侃/杜天皓,4.50%,中国大陆 / 台湾,郭敬明,6.60%,剧情/喜剧/爱情,4.3,25.20%,2014/7/17,36.80%,26.80%,小时代3：刺金时代,126分钟
亚伦・泰勒-约翰逊/卡梅隆・CJ・亚当斯/渡边谦/布莱恩・科兰斯顿/伊丽莎白・奥尔森/卡森・波尔德/莎莉・霍金斯/朱丽叶・比诺什/大卫・斯特雷泽恩/理查德・琼斯/维克多・罗塞克/帕特里克・萨邦圭/杰瑞德・基苏,7.20%,美国 / 日本,麦克思・鲍伦斯坦/戴夫・卡拉汉姆,25.50%,动作/科幻/冒险/灾难,6.4,49.80%,2014/6/13,3.20%,14.20%,哥斯拉 Godzilla,123分钟
伊恩・麦克莱恩/马丁・弗瑞曼/理查德・阿米蒂奇/本尼迪克特・康伯巴奇/奥兰多・布鲁姆/伊万杰琳・莉莉/李・佩斯/卢克・伊万斯/斯蒂芬・弗雷/肯・斯托特/詹姆斯・内斯比特/约翰・贝尔/马努・贝内特/杰德・布罗菲/亚当・布朗/约翰・凯伦/瑞安・盖奇/马克・哈德洛/彼得・汉布尔顿/斯蒂芬・亨特/威廉・基尔舍/西尔维斯特・迈可伊/格拉汉姆・麦克泰维什/迪恩・奥戈曼/米卡埃尔・佩斯布兰特/艾丹・特纳,32.70%,美国 / 新西兰,J・R・R・托尔金/弗兰・威尔士/菲利帕・鲍恩斯/彼得・杰克逊/吉尔莫・德尔・托罗,46.00%,动作/奇幻/冒险,8.2,18.90%,2014/2/21,0.40%,1.90%,霍比特人2：史矛革之战 The Hobbit: The Desolation of Smaug,161分钟
西尔维斯特・史泰龙/杰森・斯坦森/阿诺・施瓦辛格/杜夫・龙格尔/韦斯利・斯奈普斯/梅尔・吉布森/兰迪・库卓/哈里森・福特/凯尔希・格兰莫/安东尼奥・班德拉斯/维克托・奥尔蒂斯/龙达・鲁西/凯南・鲁兹/李连杰/伊凡・科斯塔迪诺夫/泰瑞・克鲁斯,9.20%,美国 / 法国,西尔维斯特・史泰龙/克赖顿・罗森博格/凯特琳・贝内迪克特/戴夫・卡拉汉姆,28.10%,动作/惊悚/冒险,6.7,50.50%,2014/9/1,1.70%,10.50%,敢死队3 The Expendables 3,126分钟(美国)
周冬雨/林更新/隋凯/王啸坤/龚格尔/李岷城/赵思园/曹阳/张子枫/李砚/石兆琪/杜扬/周浩东/姜志刚/张小北/孙德元/凯伦・阿姆斯特朗/约翰・布埃诺/大卫・肯尼斯・沃恩/迈克尔・J・吉拉普/奈津子/Dan van wert/Dan kern/赵泽文/冯千卉/陈一榕,6.00%,中国大陆,高晓松/傲立/宋晋川,18.70%,剧情/爱情,5.8,44.40%,2014/4/25,8.40%,22.40%,同桌的,98分钟
杰伊・巴鲁切尔/凯特・布兰切特/杰拉德・巴特勒/克雷格・费格森/亚美莉卡・费雷拉/乔纳・希尔/克里斯托夫・梅兹-普莱瑟/T・J・米勒/克里斯汀・韦格/杰曼・翰苏/基特・哈灵顿/基隆・埃利奥特/菲利普・麦格雷德/安德鲁・埃布尔森/吉迪恩・埃默里/西蒙・卡斯安德斯/兰迪・汤姆,24.40%,美国,迪恩・德布洛斯/葛蕾熙达・柯维尔,47.50%,喜剧/动画/家庭/奇幻/冒险,7.9,25.60%,2014/8/14,0.40%,2.10%,驯龙高手2 How to Train Your Dragon 2,102分钟
亚伦・保尔/达科塔・约翰逊/伊莫琴・普茨/迈克尔・基顿/多米尼克・库珀/拉米・马雷克/瑟・梅杰尔/卡迪小子/哈里森・吉尔伯特森/尼克・齐兰德/卡梅拉・孙巴多/拉蒙・罗德里格兹/史蒂文・韦格/利比・布兰顿/贾登・亚历山大,15.70%,美国 / 菲律宾 / 爱尔兰 / 英国,乔治・盖汀斯/约翰・盖汀斯,39.50%,剧情/动作/惊悚/犯罪,7.2,36.70%,2014/3/14,1.50%,6.60%,极品飞车 Need for Speed,130分钟
汤姆・克鲁斯/艾米莉・布朗特/布莱丹・格里森/比尔・帕克斯顿/约纳斯・阿姆斯特朗/托尼・威/奇克・盖瑞/弗朗茨・德拉姆/德拉戈米尔・米希克/夏洛特・莱利/羽田正义/特伦斯・梅纳德/诺亚・泰勒/劳拉・普沃/玛德琳・曼托克,26.70%,美国 / 加拿大,克里斯托弗・麦奎里/杰斯・巴特沃斯/约翰-亨利・巴特沃斯/樱坂洋,50.60%,动作/科幻,8,20.70%,2014/6/6,0.30%,1.70%,明日边缘 Edge of Tomorrow,114分钟(中国大陆)
吴镇宇/林心如/杨v宁/秦海璐/莫小棋/金燕玲/袁祥仁/夏文汐/李菁/李晓川/韩志/张煜雯,2.40%,中国大陆,文隽/杨梅媛,7.40%,剧情/悬疑/恐怖,4.9,37.60%,2014/7/18,16.70%,35.90%,京城81号,90分钟
范・迪塞尔/保罗・沃克/杰森・斯坦森/米歇尔・罗德里格兹/乔丹娜・布鲁斯特/泰瑞斯・吉布森/卢达克里斯/道恩・强森/卢卡斯・布莱克/库尔特・拉塞尔/娜塔莉・伊曼纽尔/埃尔莎・帕塔奇/盖尔・加朵/约翰・布罗特顿/卢克・伊万斯/托尼・贾/杰曼・翰苏/诺尔・古格雷米/阿里・扎勒/姜成镐/龙达・鲁西/伊吉・阿德利亚/乔恩・李・布罗迪,38.80%,美国 / 中国大陆 / 日本,克里斯・摩根/盖瑞・斯科特・汤普森,40.00%,动作/惊悚/犯罪,8.3,18.00%,2015/4/12,0.80%,2.30%,速度与激情7 Furious 7,137分钟
白百何/井柏然/姜武/金燕玲/钟汉良/曾志伟/吴君如/汤唯/姚晨/闫妮/保剑锋/王栎鑫/郭晓东/李菁菁/田雨橙/张悦轩,11.60%,中国大陆 / 香港,袁锦麟,33.40%,喜剧/奇幻/古装,6.8,40.70%,2015/7/16,4.20%,10.10%,捉妖记,118分钟
陈坤/黄渤/舒淇/杨颖/夏雨/刘晓庆/颜卓灵/曹操/张东/黄西/僧格仁钦,19.50%,中国大陆 / 香港,张家鲁/天下霸唱,44.70%,剧情/动作/奇幻/冒险,7.5,29.50%,2015/12/18,1.40%,4.90%,寻龙诀,125分钟(中国大陆)
徐峥/赵薇/包贝尔/杜鹃/葛民辉/李灿森/潘虹/赵有亮/朱媛媛/王迅/冯勉恒/王晶/叶竞生/林晓峰/车保罗/苑琼丹/林雪/江约诚/郑丹瑞/田启文/吴耀汉/林路迪/詹瑞文/庄思敏/陶虹,5.10%,中国大陆,束焕/苏亮/赵英俊/邢爱娜/徐峥,16.30%,喜剧,5.6,43.50%,2015/9/25,10.00%,25.10%,港,114分钟
小罗伯特・唐尼/克里斯・海姆斯沃斯/马克・鲁弗洛/克里斯・埃文斯/斯嘉丽・约翰逊/杰瑞米・雷纳/詹姆斯・斯派德/塞缪尔・杰克逊/唐・钱德尔/亚伦・泰勒-约翰逊/伊丽莎白・奥尔森/保罗・贝坦尼/寇碧・史莫德斯/安东尼・麦凯/海莉・阿特维尔/伊德里斯・艾尔巴/斯特兰・斯卡斯加德/金秀贤/托马斯・克莱舒曼/安迪・瑟金斯/朱莉・德尔佩/斯坦・李/亨利・古德曼/多米尼克・普罗沃斯特-切克利/艾萨克・安德鲁斯,13.70%,美国,乔斯・韦登/斯坦・李/杰克・科比,37.30%,动作/科幻/奇幻/冒险,7.1,41.20%,2015/5/12,1.30%,6.50%,复仇者联盟2：奥创纪元 Avengers: Age of Ultron,142分钟
沈腾/马丽/尹正/艾伦/王智/田雨/宋阳/常远/李萍/李立群/张一鸣/马小茜/赵震/董良瑜/刘坤/黄才伦/陈昊明/陆林洁/王成思/刘金/刘立东/杨欢/宁幻秋/温森/陶柏/许猛/嫣红/刘叶舟/王硕/马驰/周展翅/周华安/顾佳欣/易波/一戈/姜田丰/郭恩强/常世奎/于健/王琦/赵雪/陶亮/黄杨/陆羊/王军/刘子凡/刘笑竹/卢莹/张广洁/方菲菲/许登雨/朱波/肖扬/魏翔/江夏/吴江/张辰/王野/贾悦明/王翡/简姗姗/申琴子/尹星人/桂百惠/管亚鑫/彭泽言/王思浩/关鹏/桂琛/朱磊/徐贤任/田川/李哲,23.40%,中国大陆,闫非/彭大魔,37.90%,喜剧/爱情,7.4,28.30%,2015/9/30,3.40%,7.00%,夏洛特烦恼,104分钟
克里斯・普拉特/布莱丝・达拉斯・霍华德/文森特・多诺费奥/泰・辛普金斯/尼克・罗宾森/奥玛・希/黄荣亮/伊尔凡・可汗/朱迪・格雷尔/杰克・约翰逊/劳伦・拉普库斯/凯蒂・麦克格雷斯/布莱恩・泰/埃迪・J.费尔南德斯/因德尔・库马尔/安迪・巴克利/吉米・法伦,19.20%,美国 / 中国大陆,里克・杰法/阿曼达・斯尔沃/德里克・康纳利/科林・特雷沃罗/迈克尔・克莱顿,47.80%,动作/科幻/冒险,7.6,29.60%,2015/6/10,0.50%,2.90%,侏罗纪世界 Jurassic World,124分钟
大鹏/袁姗姗/柳岩/吴君如/曾志伟/岳云鹏/衣云鹤/梁超/潘斌龙/崔志佳/乔杉/郭采洁/邓超/尚格・云顿/小沈阳/宋小宝/刘小光/王小利/陈思诚/林更新/陈羽凡/胡海泉/韩寒/陈赫/郑恺/包贝尔/郑伊健/陈小春/谢天华/林晓峰,7.80%,中国大陆,大鹏/苏彪,22.30%,喜剧,6,41.30%,2015/7/17,9.70%,19.00%,煎饼侠,113分钟
周润发/张家辉/刘嘉玲/余文乐/王诗龄/胡然/姜大卫/童菲/吴樾/金巧巧/黄德斌/姜皓文/曾国祥/袁泉/曾志伟/陈百祥/孟瑶/刘德华,4.70%,香港 / 中国大陆,王晶,15.90%,喜剧/动作,5.5,42.50%,2015/2/19,11.90%,25.00%,澳门风云2 城LII,110分钟
张磊/林子杰/吴文伦/童自荣/刘九容/吴迪/刘北辰/赵乾景/周帅,38.10%,中国大陆,田晓鹏/刘虎/米粒/金冉/金成,39.70%,喜剧/动作/动画/奇幻,8.2,18.50%,2015/7/10,1.10%,2.60%,西游记之大圣归来,89分钟
冯小刚/许晴/张涵予/刘桦/李易峰/吴亦凡/梁静/白举纲/于和伟/连奕名/尚语贤/鲁诺/管宗祥/尹力/余皑磊/宁浩/江珊/张译/郭京飞/张鲁一/赵毅/梁天/张一山/王俊凯/王源/易烊千玺/巴图,29.70%,中国大陆,管虎/董润年,42.80%,剧情/犯罪,7.9,22.10%,2015/12/24,1.70%,3.60%,老炮儿,137分钟(中国大陆)
汤姆・克鲁斯/杰瑞米・雷纳/西蒙・佩吉/丽贝卡・弗格森/文・瑞姆斯/西恩・哈里斯/西蒙・迈克伯尼/张静初/汤姆・霍兰德/延斯・赫尔腾/亚历克・鲍德温/亚历克・乌特戈夫/赫敏・科菲尔德/阿美莉嘉・奥利沃/拉斯科・阿特金斯/肖恩・克罗宁/明格斯・约翰斯顿,17.70%,美国 / 香港 / 中国大陆,克里斯托弗・麦奎里/德鲁・皮尔斯/布鲁斯・盖勒,50.10%,动作/惊悚/冒险,7.7,29.80%,2015/9/8,0.30%,2.10%,碟中谍5：神秘国度 Mission: Impossible - Rogue Nation,131分钟
王宝强/刘昊然/佟丽娅/陈赫/肖央/小沈阳/潘粤明/马浴柯/张子枫/赵英俊/桑平/金士杰/大鹏/张国强/李叶青/陈祉希,16.60%,中国大陆,陈思诚/刘凯/白鹤,46.30%,喜剧/动作/悬疑,7.4,30.40%,2015/12/31,1.60%,5.00%,唐人街探案,135分钟
马丁・弗瑞曼/伊恩・麦克莱恩/理查德・阿米蒂奇/伊万杰琳・莉莉/李・佩斯/卢克・伊万斯/本尼迪克特・康伯巴奇/肯・斯托特/詹姆斯・内斯比特/比利・康诺利/凯特・布兰切特/伊安・霍姆/克里斯托弗・李/雨果・维文/奥兰多・布鲁姆/马努・贝内特/艾丹・特纳/迪恩・奥戈曼/格拉汉姆・麦克泰维什/斯蒂芬・弗雷/米卡埃尔・佩斯布兰特,35.30%,美国 / 新西兰,弗兰・威尔士/菲利帕・鲍恩斯/彼得・杰克逊/吉尔莫・德尔・托罗/J・R・R・托尔金,42.40%,动作/奇幻/冒险,8.2,19.70%,2015/1/23,0.50%,2.10%,霍比特人3：五军之战 The Hobbit: The Battle of the Five Armies,144分钟
成龙/约翰・库萨克/艾德里安・布洛迪/崔始源/林鹏/王若心/肖央/王太利/洪天照/刘承俊/萝莉・佩斯特/冯绍峰/吴建豪/林嘉欣/沙妮・文森/西蒙子,5.80%,中国大陆 / 香港,李仁港,18.70%,动作/战争/古装,5.9,46.90%,2015/2/19,7.00%,21.50%,天将雄师,127分钟
阿诺・施瓦辛格/杰森・克拉克/艾米莉亚・克拉克/杰・科特尼/J・K・西蒙斯/戴奥・奥柯奈伊/马特・史密斯/考特尼・万斯/李秉宪/迈克尔・盖拉迪斯/何家蓓/韦恩・巴斯楚普/格雷戈里・艾伦・威廉斯/奥托・桑切斯/马蒂・费拉罗/格里夫・弗斯特/伊恩・埃瑟里奇/诺兰・格罗斯/塞思・梅里韦瑟/阿非莫・奥米拉/特瑞・韦伯/凯莉・奥马利,10.00%,美国,莱塔・卡罗格里迪斯/帕特里克・卢西尔/詹姆斯・卡梅隆/盖尔・安妮・赫德,33.70%,动作/科幻/冒险,6.9,47.00%,2015/8/23,1.30%,8.00%,终结者：创世纪 Terminator Genisys,126分钟
冯绍峰/窦骁/昂哈妮玛/巴森/尹铸胜/黄小蕾,10.80%,中国大陆 / 法国,阿兰・戈达尔/让-雅克・阿诺/芦苇/约翰・科里/姜戎,36.60%,剧情/冒险,6.9,42.50%,2015/2/19,2.10%,8.00%,狼图腾,121分钟
赵又廷/姚晨/凤小岳/李晨/唐嫣/冯|/李光洁/王庆祥/吴军/王德顺,2.30%,中国大陆,陆川/天下霸唱,5.80%,动作/惊悚/冒险,4.2,24.20%,2015/9/30,32.90%,34.80%,九层妖塔,115分钟
保罗・路德/迈克尔・道格拉斯/伊万杰琳・莉莉/寇瑞・斯托尔/迈克尔・佩纳/大卫・达斯马齐连/朱迪・格雷尔/鲍比・坎纳瓦尔/约翰・斯拉特里/伍德・哈里斯/T.I./海莉・阿特维尔/瓦内萨・罗斯/马丁・唐文/乔・克里斯特/艾比・莱德・弗特森/安东尼・麦凯/加勒特・莫里斯/尼尔・汉博格/鲁德・哈利特/斯坦・李/克里斯・埃文斯/塞巴斯蒂安・斯坦,16.10%,美国,斯坦・李/杰克・科比/拉里・利伯/埃德加・赖特/乔・考尼什/亚当・麦凯/保罗・路德,48.90%,动作/科幻/冒险,7.6,31.90%,2015/10/16,0.40%,2.70%,蚁人 Ant-Man,117分钟
邓超/孙俪/代乐乐/梁超/杨新鸣/王砚辉/许可嘉/赵曼竹/栾元晖/张鹭/王双宝,3.90%,中国大陆,俞白眉,5.80%,喜剧,4,20.00%,2015/12/24,44.30%,25.90%,恶棍天使,124分钟
道恩・强森/亚历珊德拉・达达里奥/卡拉・古奇诺/雨果・约翰斯通-伯特/雅奇・潘嘉比/科尔顿・海恩斯/艾恩・格拉法德/保罗・吉亚玛提/凯莉・米洛/李威尹/瓦内萨・罗斯/马特・杰拉德/阿特・帕金森/罗宾・阿特金・唐斯/艾伦・D・柏温/亚历克・乌特戈夫/摩根・格莉芬/杰米斯・巴特勒/艾伦・波普尔顿,10.10%,美国 / 澳大利亚,卡尔顿・库斯/安德烈・法布里齐奥/杰里米・帕斯莫尔,37.10%,动作/冒险/灾难,7,45.30%,2015/6/2,1.00%,6.60%,末日崩塌 San Andreas,114分钟
马特・达蒙/杰西卡・查斯坦/克里斯汀・韦格/杰夫・丹尼尔斯/迈克尔・佩纳/凯特・玛拉/肖恩・宾/塞巴斯蒂安・斯坦/唐纳德・格洛弗/切瓦特・埃加福特/阿卡塞尔・亨涅/陈数/高雄/本尼迪克特・王/麦肯兹・戴维斯/娜奥米・斯科特/丽丽・博尔丹/布莱恩・卡斯佩,35.50%,美国 / 英国,德鲁・高达/安迪・威尔,49.10%,剧情/科幻/冒险,8.4,14.30%,2015/11/25,0.20%,0.90%,火星救援 The Martian,144分钟
吴京/托尼・贾/张晋/任达华/卢惠光/恭硕良/林嘉华/蔡瀚亿/艾威/姜皓文/张驰/寇占文/古天乐/袁嘉敏,14.30%,香港 / 中国大陆,梁礼彦,44.80%,剧情/动作/犯罪,7.3,35.00%,2015/6/18,1.00%,4.80%,杀破狼2 ⑵评2,120分钟
吴京/余男/斯科特・阿金斯/凯文・李/倪大红/凯尔・夏皮罗/石兆琪/周晓鸥/房子斌/郭广平/茹萍/洪卫/刘腾远/索纳・伊姆贝/塞缪尔・西维尔奇,14.00%,中国大陆,吴京/刘毅/董群/高岩,31.90%,动作/战争,6.8,38.90%,2015/4/2,4.70%,10.50%,战狼,90分钟
水田山葵/大原惠美/嘉数由美/木村昴/关智一/妻夫木聪,32.50%,日本,山崎贵/藤子・F・不二雄,36.70%,剧情/动画,7.9,25.00%,2015/5/28,1.30%,4.40%,哆啦A梦：伴我同行 STAND BY ME ドラえもん,95分钟
邓超/罗志祥/张雨绮/林允/徐克/吴亦凡/李尚正/卢正雨/白客/孔连顺/田启文/文章/杨能/张美娥/李叶青/林子聪,14.50%,中国大陆 / 香港,周星驰/李思臻/何妙祺/曾瑾昌/卢正雨/江玉仪,30.60%,喜剧/爱情/奇幻,6.8,38.10%,2016/2/8,4.90%,11.90%,美人鱼,93分钟
金妮弗・古德温/杰森・贝特曼/伊德里斯・艾尔巴/珍妮・斯蕾特/内特・托伦斯/邦尼・亨特/唐・雷克/汤米・钟/J・K・西蒙斯/奥克塔维亚・斯宾瑟/艾伦・图代克/夏奇拉/雷蒙德・S・佩尔西/德拉・萨巴/莫里斯・拉马奇/菲尔・约翰斯顿/约翰・迪・玛吉欧/凯蒂・洛斯/吉塔・雷迪/杰西・科尔蒂/汤米・利斯特/乔希・达拉斯/瑞奇・摩尔/凯斯・索西/彼得・曼斯布里奇/拜伦・霍华德/杰拉德・布什/马克・史密斯/乔西・特立尼达/约翰・拉维尔/克里斯汀・贝尔/吉尔・科德斯/梅利莎・古德温,64.30%,美国,拜伦・霍华德/瑞奇・摩尔/杰拉德・布什/吉姆・里尔顿/乔西・特立尼达/菲尔・约翰斯顿/珍妮弗・李,29.80%,喜剧/动画/冒险,9.2,5.50%,2016/3/4,0.10%,0.30%,疯狂动物城 Zootopia,109分钟(中国大陆)
崔维斯・费米尔/托比・凯贝尔/宝拉・巴顿/吴彦祖/本・福斯特/多米尼克・库珀/鲁丝・内伽/克兰西・布朗/丹尼尔・库德摩尔/罗伯特・卡辛斯基/本・施耐泽/格伦・克洛斯/考乐姆・吉斯・雷尼/泰瑞・诺塔里/瑞安・罗宾斯/博尔克利・杜菲尔德/丹・佩恩/迪伦・肖明/唐尼・麦克尼尔/迈克・安东纳科斯/拉吉・拉尔,28.40%,美国 / 中国大陆 / 加拿大 / 日本,邓肯・琼斯/查尔斯・里维特,37.60%,动作/奇幻/冒险,7.7,27.00%,2016/6/8,2.10%,4.90%,魔兽 Warcraft,124分钟
克里斯・埃文斯/小罗伯特・唐尼/斯嘉丽・约翰逊/塞巴斯蒂安・斯坦/安东尼・麦凯/唐・钱德尔/杰瑞米・雷纳/查德维克・博斯曼/保罗・贝坦尼/伊丽莎白・奥尔森/保罗・路德/艾米丽・万凯普/汤姆・赫兰德/丹尼尔・布鲁尔/弗兰克・格里罗/威廉・赫特/马丁・弗瑞曼/霍普・戴维斯/玛丽莎・托梅/吉姆・拉什/金世佳,23.30%,美国,克里斯托弗・马库斯/斯蒂芬・麦克菲利/杰克・科比/乔・西蒙,43.20%,动作/科幻/冒险,7.7,28.30%,2016/5/6,1.20%,3.90%,美国队长3 Captain America: Civil War,148分钟(中国大陆)
郭富城/巩俐/冯绍峰/小沈阳/罗仲谦/费翔/陈慧琳/阿旺仁青/彭宇/程东/刘楚恬/余辛/魏璐/齐浠儿/母其弥雅/张籽沐,5.60%,中国大陆 / 香港,冉平/冉甲男/文宁,16.80%,喜剧/动作/奇幻,5.6,41.90%,2016/2/8,10.70%,25.00%,西游记之孙悟空三打白骨精,120分钟
张涵予/彭于晏/孙淳/陈宝国/冯文娟/刘显达/赵健/吴旭东/吴嘉龙/卢惠光/柏华力・莫高彼斯彻/维他亚・潘斯林加姆/战立国/石占杰/伍麟凯/Zobra/魏蔓/李佳璇/郝文婷/王笑龙/任蕊/Bhubhing Bhangsa-Ard/Achaya Vishwanath Govind/Nitidet Chery Junphli/Keerali Sivakuae/Alyaret Junamnoong/Vattcharachai Sunthomsin/Sarawut Kumsorn/Nongmal Bunchu/Subash A/L Sundaramoorthy/Itthiphon/Samrit Warin/纳卡琳・加汉/钟建龙/张敏嘉/陈沛兴/林美芬/詹姆斯・阿q邦德/Amigo,28.50%,中国大陆 / 香港,林超贤/朱镜祺/刘小群/谭惠贞/林明杰,46.00%,动作/犯罪,8,22.10%,2016/9/30,0.70%,2.70%,湄公河行动,124分钟
马特・达蒙/景甜/佩德罗・帕斯卡/刘德华/威廉・达福/张涵予/鹿晗/彭于晏/林更新/郑恺/黄轩/陈学冬/王俊凯/余心恬/刘冰/李亨/李京沐/纽曼・阿卡/约翰尼・希科/皮鲁・埃斯贝克,5.20%,中国大陆 / 美国,马克斯・布鲁克斯/爱德华・兹威克/马歇尔・赫斯科维兹/托尼・吉尔罗伊/托马斯・图尔,11.90%,动作/奇幻/冒险,4.9,32.80%,2016/12/16,26.50%,23.70%,长城 The Great Wall,104分钟
周润发/刘德华/张家辉/张学友/余文乐/李宇春/刘嘉玲/王诗龄/向佐/胡然/文咏珊/元秋/朴载相/童菲/罗家英/卢海鹏,3.20%,香港 / 中国大陆,王晶,5.00%,喜剧/动作,3.9,19.80%,2016/2/8,42.30%,29.80%,澳门风云3 城LIII,112分钟
井柏然/鹿晗/马思纯/王景春/张博宇/涂圣成/敖嘉年/姜皓文/刘蔚森,5.30%,中国大陆,南派三叔/杜俊/孙武/王小苔/叶长清,10.10%,悬疑/奇幻/冒险,4.7,27.40%,2016/8/5,29.60%,27.70%,盗墓笔记,123分钟
杰克・布莱克/布莱恩・科兰斯顿/达斯汀・霍夫曼/安吉丽娜・朱莉/J・K・西蒙斯/成龙/塞斯・罗根/刘玉玲/大卫・克罗斯/凯特・哈德森/吴汉章/兰德尔・杜克・金/尚格・云顿/斯蒂尔・加尼翁/利亚姆・奈特/韦恩・奈特/芭芭拉・迪里克森/阿尔・罗克/威利・盖斯特/弗莱德・塔他斯西奥/迈克・米歇尔/凯莉・库尼/斯蒂芬・凯林/米克・温格特/蔡明昊/艾普尔・洪/帕克斯・朱莉-皮特/诺克斯・朱莉-皮特/扎哈拉・朱莉-皮特/希洛・朱莉-皮特,20.70%,美国 / 中国大陆,乔纳森・阿贝尔/格伦・伯杰,45.20%,喜剧/动作/动画/冒险,7.6,30.20%,2016/1/29,0.50%,3.30%,功夫熊猫3 Kung Fu Panda 3,95分钟
尼尔・塞西/比尔・默瑞/本・金斯利/伊德里斯・艾尔巴/露皮塔・尼永奥/斯嘉丽・约翰逊/吉安卡罗・埃斯波西托/克里斯托弗・沃肯/恩杰伊・安东尼/盖瑞・山德林/莎拉・阿林顿/瑞提什・拉詹,22.00%,美国,贾斯丁・马科斯/拉迪亚德・吉普林,48.10%,剧情/奇幻/冒险,7.8,27.00%,2016/4/15,0.40%,2.50%,奇幻森林 The Jungle Book,106分钟
成龙/范冰冰/约翰尼・诺克斯维尔/曾志伟/王敏德 /赵文u/伊芙・托雷斯/郭品超/施诗/延政勋/张蓝心/吉丽/托马尔・奥兹/保罗・菲利普・克拉克,5.00%,中国大陆 / 美国 / 香港,布莱恩・盖特伍德/本大卫・格拉宾斯基/杰・朗吉诺/亚历桑德罗・田中/成龙,13.80%,喜剧/动作,5.5,43.80%,2016/7/21,9.80%,27.50%,绝地逃亡 Skiptrace,111分钟(中国大陆)
黛西・雷德利/约翰・博耶加/哈里森・福特/多姆纳尔・格里森/亚当・德赖弗/马克・哈米尔/凯丽・费雪/奥斯卡・伊萨克/露皮塔・尼永奥/安迪・瑟金斯/安东尼・丹尼尔斯/彼德・梅犹/马克斯・冯・叙多夫/比利・迪・威廉姆斯/爱德华・斯皮伊尔斯/马修・詹姆斯・托马斯/肯尼・贝克/格温多兰・克里斯蒂/西蒙・佩吉/克里斯塔・克拉克/匹普・安德森,13.90%,美国,J・J・艾布拉姆斯/劳伦斯・卡斯丹/迈克尔・阿恩特,37.60%,动作/科幻/冒险,7.1,40.00%,2016/1/9,1.90%,6.60%,星球大战7：原力觉醒 Star Wars: The Force Awakens,135分钟
邓超/白百何/杨洋/张天爱/岳云鹏/杜鹃/柳岩/廖学秋/曹卫宇/汪启楠/安韩瑾/潘肖/曹涤非/朱红/刘乐思/蓝可/梁超/张爱钦/张美娥,5.30%,中国大陆,张嘉佳,13.30%,喜剧/爱情,5.2,36.20%,2016/9/29,16.80%,28.40%,从你的全世界路过,113分钟
詹姆斯・麦卡沃伊/迈克尔・法斯宾德/詹妮弗・劳伦斯/尼古拉斯・霍尔特/奥斯卡・伊萨克/萝丝・拜恩/埃文・彼得斯/休・杰克曼/乔什・赫尔曼/苏菲・特纳/泰伊・谢里丹/卢卡斯・提尔/柯蒂・斯密特-麦菲/本・哈迪/亚历山德拉・希普/陈东兰/奥立薇娅・玛恩,23.50%,美国,布莱恩・辛格/迈克尔・道赫蒂/丹・哈里斯/西蒙・金伯格,45.30%,动作/科幻/奇幻/冒险,7.8,27.40%,2016/6/3,0.60%,3.20%,X战警：天启 X-Men: Apocalypse,144分钟
汤唯/吴秀波/惠英红/秦沛/吴彦姝/颜卓灵/王志文/陆毅/祖锋/王茜/刘志宏/张一白/艾丽娅/李灿森/陈创/韩张,10.40%,中国大陆 / 香港,薛晓路/焦华静,26.90%,喜剧/爱情,6.5,42.30%,2016/4/29,4.40%,15.90%,北京遇上西雅图之不二情书,131分钟
甄子丹/迈克・泰森/张晋/熊黛林/谭耀文/吴千语/喻亢/郑则仕/梁家仁/张继聪/陈国坤/刘以达/宗菲/曹操/王实/崔璨/刘艺菲,6.90%,中国大陆 / 香港,黄子桓/陈大利/梁礼彦,24.00%,剧情/动作/传记/历史,6.3,51.00%,2016/3/4,3.20%,14.90%,叶问3,105分钟
本尼迪克特・康伯巴奇/蒂尔达・斯文顿/麦斯・米科尔森/切瓦特・埃加福特/瑞秋・麦克亚当斯/迈克尔・斯图巴/本尼迪克特・王/本杰明・布拉特/斯科特・阿金斯/莎拉・费希恩/阿拉・萨菲,19.50%,美国,史蒂夫・迪特寇/托马斯・迪恩・唐纳利/斯坦・李/乔・斯派茨/约书亚・奥本海默,47.10%,动作/奇幻/冒险,7.6,29.60%,2016/11/4,0.50%,3.30%,奇异博士 Doctor Strange,115分钟
成龙/黄子韬/王凯/王大陆/徐帆/刘德华/张蓝心/吴永伦/桑平/房祖名/池内博之/那威/何云伟/浅野长英/矢野浩二/张艺上/高木贞佑,4.40%,中国大陆,丁晟/何可可,13.40%,喜剧/动作,5.1,38.20%,2016/12/23,20.70%,23.30%,铁道飞虎,124分钟
郭富城/梁家辉/杨采妮/彭于晏/李治廷/文咏珊/周润发/马伊P/杨v宁/张国柱/吴樾/周笔畅/李子雄/骆应钧/林文龙,9.90%,中国大陆 / 香港,梁乐民/陆剑青/吴炜伦,37.00%,剧情/动作/犯罪,6.9,44.20%,2016/7/8,1.40%,7.40%,寒战2 寒II,110分钟
肖央/闫妮/小沈阳/乔杉/艾伦/代乐乐/常远/李成敏/车晓/田雨/邓超/王迅/周晓鸥/赵英俊/岳小军/徐冬冬/杨成成/钟鹿纯/曹汉超,6.10%,中国大陆,李潇/于淼,22.90%,喜剧,6,45.30%,2016/12/30,7.70%,18.00%,情圣,116分钟
杰西・艾森伯格/马克・鲁弗洛/伍迪・哈里森/戴夫・弗兰科/丹尼尔・雷德克里夫/丽兹・卡潘/周杰伦/桑娜・莱瑟/迈克尔・凯恩/摩根・弗里曼/大卫・沃肖夫斯基/周采芹/理查德・莱恩/亨利・劳埃德-休斯,8.60%,美国,艾德・索罗门/彼得・基亚雷利/鲍兹・亚金/爱德华・里科,27.30%,动作/冒险,6.5,47.90%,2016/6/24,2.70%,13.40%,惊天魔盗团2 Now You See Me 2,130分钟
本・阿弗莱克/亨利・卡维尔/艾米・亚当斯/盖尔・加朵/杰西・艾森伯格/戴安・琳恩/劳伦斯・菲什伯恩/杰瑞米・艾恩斯/霍利・亨特/斯科特・麦克纳里/卡兰・马尔韦/冈本多绪/布兰登・斯平克/劳伦・科汉/迈克尔・珊农,12.50%,美国,克里斯・特里奥/大卫・S・高耶/鲍勃・凯恩/比尔・芬格/杰里・西格尔/乔・舒斯特,27.30%,动作/科幻/奇幻/冒险,6.6,42.90%,2016/3/25,3.80%,13.50%,蝙蝠侠大战超人：正义黎明 Batman v Superman: Dawn of Justice,151分钟
张家辉/古天乐/吴镇宇/佘诗曼/许绍雄/黄长兴/朱璇/梁b/李光洁/张慧雯,10.30%,中国大陆 / 香港,关皓月,30.80%,剧情/动作/犯罪,6.7,44.30%,2016/8/11,2.50%,12.10%,使徒行者,109分钟
埃迪・雷德梅恩/凯瑟琳・沃特斯顿/丹・福勒/艾莉森・萨多尔/科林・法瑞尔/埃兹拉・米勒/朗・普尔曼/强・沃特/萨曼莎・莫顿/嘉玛・陈/卡门・艾乔戈/克里斯汀・马扎诺/詹・穆瑞/约翰尼・德普,25.50%,英国 / 美国,J・K・罗琳,43.90%,剧情/奇幻/冒险,7.8,26.80%,2016/11/25,0.60%,3.30%,神奇动物在哪里 Fantastic Beasts and Where to Find Them,133分钟
徐峥/王宝强/黄渤/陶虹/谢楠/范冰冰,19.70%,中国大陆,徐峥/丁丁/束焕,41.10%,喜剧,7.4,32.30%,2012/12/12,1.70%,5.20%,人再逋局泰,105分钟
成龙/权相宇/廖凡/姚星彤/张蓝心/白露娜/刘承俊/吴彦祖/舒淇/李宗盛/陈柏霖/卢惠光/浅野长英/白冰/林鹏,9.00%,中国大陆 / 香港,成龙/唐季礼/邓景生/陈勋奇,30.80%,喜剧/动作/冒险,6.6,46.60%,2012/12/20,2.70%,10.90%,十二生肖,122分钟
周迅/赵薇/陈坤/冯绍峰/杨幂/费翔/陈廷嘉/鲁诺,4.70%,中国大陆 / 香港,冉平/冉甲男,18.00%,剧情/爱情/惊悚/奇幻,5.9,50.20%,2012/6/28,5.90%,21.20%,画皮2 皮Ⅱ,135分钟
汤姆・克鲁斯/杰瑞米・雷纳/西蒙・佩吉/宝拉・巴顿/乔什・哈洛威/迈克尔・恩奎斯特/亚尼・卡普/蕾雅・赛杜/弗拉基米尔・马什科夫/文・瑞姆斯,29.30%,美国,布鲁斯・盖勒,53.70%,动作/惊悚/犯罪/冒险,8.2,16.10%,2012/1/28,0.10%,0.80%,碟中谍4 Mission: Impossible - Ghost Protocol,133分钟
小罗伯特・唐尼/克里斯・埃文斯/斯嘉丽・约翰逊/克里斯・海姆斯沃斯/杰瑞米・雷纳/马克・鲁弗洛/塞缪尔・杰克逊/汤姆・希德勒斯顿/斯特兰・斯卡斯加德/寇碧・史莫德斯/克拉克・格雷格/保罗・贝坦尼/格温妮斯・帕特洛,28.50%,美国,乔斯・韦登/扎克・佩恩,46.20%,动作/科幻/奇幻/冒险,8,22.30%,2012/5/5,0.60%,2.30%,复仇者联盟 The Avengers,142分钟
苏拉・沙玛/拉菲・斯波/伊尔凡・可汗/热拉尔・德帕迪约/塔布/阿迪勒・侯赛因/阿尤什・坦东/王柏杰/俊・奈托,60.70%,美国 / 台湾 / 英国 / 加拿大,扬・马特尔/大卫・麦基,31.50%,剧情/奇幻/冒险,9,7.00%,2012/11/22,0.20%,0.50%,少年派的奇幻漂流 Life of Pi,127分钟
莱昂纳多・迪卡普里奥/凯特・温丝莱特/比利・赞恩/凯西・贝茨/弗兰西丝・费舍/格劳瑞亚・斯图尔特/比尔・帕克斯顿/伯纳德・希尔/大卫・沃纳/维克多・加博/乔纳森・海德/苏茜・爱米斯/刘易斯・阿伯内西/尼古拉斯・卡斯柯恩/阿那托利・萨加洛维奇/丹尼・努齐/杰森・贝瑞/伊万・斯图尔特,75.70%,美国,詹姆斯・卡梅隆,19.30%,剧情/爱情/灾难,9.4,4.30%,2012/4/10,0.30%,0.30%,泰坦尼克号 3D版 Titanic 3D,194分钟
威尔・史密斯/汤米・李・琼斯/乔什・布洛林/杰梅奈・克莱门特/艾玛・汤普森/尼可・斯彻金格/爱丽丝・伊芙/大卫・拉斯彻/比尔・哈德尔/迈克尔・斯图巴,15.40%,美国,伊坦・柯亨/劳威尔・坎宁安 ,47.60%,喜剧/动作/科幻,7.5,33.70%,2012/5/25,0.40%,3.00%,黑衣人3 Men in Black III,103分钟
阿兹・安萨里/乔・贝哈/克里斯托弗・坎贝尔/阿兰・夏巴/伊丝特尔・迪恩/彼特・丁拉基/奥布里・德雷克・葛莱汉姆/杰森・弗里基奥内/卡洛斯・沙尔丹哈/尼克・弗罗斯特/乔什・加德/约翰・雷吉扎莫/克里斯・韦奇,26.30%,美国,迈克尔・伯格 /贾森・福克斯/迈克・里斯,50.50%,喜剧/动画/冒险,8,21.60%,2012/7/27,0.20%,1.50%,冰川时代4 Ice Age: Continental Drift,88分钟
道恩・强森/乔什・哈切森/迈克尔・凯恩/凡妮莎・哈金斯/克里斯汀・戴维斯/路易斯・古兹曼,4.80%,美国,理查德・奥腾/布莱恩・戈恩/马克・戈恩,21.10%,动作/科幻/冒险,6.2,55.60%,2012/2/10,2.70%,15.90%,地心历险记2：神秘岛 Journey 2: The Mysterious Island,94分钟
张国立/张默/徐帆/李雪健/陈道明/艾德里安・布洛迪/蒂姆・罗宾斯/冯远征/张涵予/王子文/段奕宏/范伟/柯蓝/张国强/林永健/乔振宇/李倩/赵毅,20.00%,中国大陆,刘震云,41.60%,剧情/历史/战争/灾难,7.4,29.90%,2012/11/29,4.10%,4.40%,一九四二,146分钟
克里斯蒂安・贝尔/汤姆・哈迪/安妮・海瑟薇/约瑟夫・高登-莱维特/玛丽昂・歌迪亚/加里・奥德曼/迈克尔・凯恩/摩根・弗里曼/朱诺・坦普尔/乔什・平茨/丹尼尔・逊亚塔/内斯特・卡博内尔/伯恩・戈曼/连姆・尼森/乔伊・金/艾丹・吉伦/基里安・墨菲/乔什・斯图沃特/马修・莫迪恩/本・门德尔森,44.10%,美国 / 英国,大卫・S・高耶/乔纳森・诺兰/克里斯托弗・诺兰,41.20%,剧情/动作/科幻/惊悚/犯罪,8.6,13.20%,2012/8/27,0.30%,1.20%,蝙蝠侠：黑暗骑士崛起 The Dark Knight Rises,165分钟
西尔维斯特・史泰龙/杰森・斯坦森/李连杰/余男/查克・诺瑞斯/尚格・云顿/布鲁斯・威利斯/阿诺・施瓦辛格/泰瑞・克鲁斯/兰迪・库卓/利亚姆・海姆斯沃斯/斯科特・阿金斯/杜夫・龙格尔/诺瓦克・德约科维奇/查瑞丝玛・卡朋特,9.80%,美国,西尔维斯特・史泰龙/理查德・温克/肯恩・考夫曼,32.40%,动作/冒险,6.8,48.40%,2012/9/4,1.40%,8.00%,敢死队2 The Expendables 2,103分钟(美国)
安德鲁・加菲尔德/艾玛・斯通/瑞斯・伊凡斯/马丁・辛/莎莉・菲尔德/C・托马斯・豪威尔/丹尼斯・利瑞/朱丽安妮・尼科尔森/坎贝尔・斯科特/安妮・帕里西/伊尔凡・可汗/迈尔斯・艾略特/汉娜・马克斯,12.20%,美国,史蒂夫・迪特寇/斯坦・李/詹姆斯・范德比尔特,42.30%,动作/科幻/冒险,7.2,39.70%,2012/8/27,0.90%,4.90%,超凡蜘蛛侠 The Amazing Spider-Man,136分钟(美国/中国大陆)
泰勒・克奇/亚历山大・斯卡斯加德/蕾哈娜/布鲁克琳・黛克/浅野忠信/哈米什・林克莱特/连姆・尼森/彼特・麦尼科/杰西・普莱蒙/杰瑞・费拉拉/亚当・戈德利,7.50%,美国,乔・霍贝尔/埃里希・霍贝尔,29.70%,动作/科幻/冒险/灾难,6.6,48.80%,2012/4/18,2.50%,11.60%,超级战舰 Battleship,132分钟
泰勒・克奇/琳恩・柯林斯/托马斯・哈登・丘奇/威廉・达福/萨曼莎・莫顿/马克・斯特朗/多米尼克・威斯特/塞伦・希德/詹姆斯・鲍弗/布莱恩・科兰斯顿/波利・沃克/达里尔・沙巴拉,6.20%,美国,迈克尔・夏邦/安德鲁・斯坦顿,23.80%,动作/科幻/奇幻/冒险,6.3,51.90%,2012/3/16,3.40%,14.70%,异星战场 John Carter,132分钟
郭富城/梁家辉/李治廷/彭于晏/杨采妮/马伊P/林家栋/安志杰/钱嘉乐/尹子维/王敏德 /黄芝琪/郑欣宜/文峰/贾晓晨/刘德华/何华超,12.90%,香港 / 中国大陆,梁乐民/陆剑青,48.80%,剧情/动作/犯罪,7.4,34.40%,2012/11/8,0.50%,3.40%,寒战 寒,103分钟
梁朝伟/周迅/范晓萱/王学兵/董勇/甘婷婷/单立文,8.20%,中国大陆 / 香港,麦兆辉/庄文强/麦家,35.10%,剧情/悬疑,6.8,47.90%,2012/8/7,1.20%,7.70%,听风者,120分钟
劳米・拉佩斯/迈克尔・法斯宾德/查理兹・塞隆/伊德里斯・艾尔巴/盖・皮尔斯/罗根・马歇尔-格林/西恩・哈里斯/拉菲・斯波/埃蒙・埃利奥特/本尼迪克特・王/凯特・迪基/帕特里克・威尔森/露西・哈钦森,15.30%,美国 / 英国,达蒙・林德洛夫/乔・斯派茨,41.10%,科幻/惊悚/冒险,7.2,35.40%,2012/9/2,1.80%,6.40%,普罗米修斯 Prometheus,124分钟(美国)
杰瑞米・雷纳/蕾切尔・薇兹/爱德华・诺顿/琼・艾伦/奥斯卡・伊萨克/唐纳・墨菲/寇瑞・斯托尔/大卫・斯特雷泽恩,7.30%,美国 / 日本,托尼・吉尔罗伊/丹・吉尔罗伊,31.50%,动作/悬疑/惊悚,6.7,50.30%,2012/10/25,1.60%,9.30%,谍影重重4 The Bourne Legacy,135分钟
本・斯蒂勒/克里斯・洛克/大卫・休默/贾达・萍克・史密斯/萨莎・拜伦・科恩/弗兰西斯・麦克多蒙德/杰西卡・查斯坦,31.80%,美国,诺亚・鲍姆巴赫/埃里克・达尼尔,47.90%,喜剧/动画/冒险,8.2,18.80%,2012/6/8,0.20%,1.30%,马达加斯加3 Madagascar 3: Europe's Most Wanted,93分钟
邓超/刘亦菲/郑中基/邹兆龙/黄秋生/江一燕/吴秀波/邓萃雯/成泰/吴映洁/包贝尔/木幡龙/田启文/方安娜,2.70%,中国大陆 / 香港,温瑞安/陈嘉上/王思敏/谭广源,8.80%,动作/爱情/悬疑/武侠/古装,5,39.90%,2012/7/12,15.80%,32.90%,四大名捕,118分钟
小罗伯特・唐尼/裘德・洛/瑞秋・麦克亚当斯/劳米・拉佩斯/斯蒂芬・弗雷/凯利・蕾莉/杰瑞德・哈里斯/杰拉丁妮・詹姆斯/威廉・休斯顿/保罗・安德森,16.00%,美国,阿瑟・柯南・道尔/基兰・马尔罗尼/米歇尔・马尔罗尼,47.40%,动作/悬疑/惊悚/犯罪/冒险,7.5,32.60%,2012/1/15,0.50%,3.50%,大侦探福尔摩斯2：诡影游戏 Sherlock Holmes: A Game of Shadows,129分钟
詹妮弗・劳伦斯/乔什・哈切森/利亚姆・海姆斯沃斯/韦斯・本特利/伊丽莎白・班克斯/斯坦利・图齐/伍迪・哈里森/伊莎贝拉・弗尔曼/阿曼德拉・斯坦伯格 /薇洛・西尔德斯/唐纳德・萨瑟兰/亚历山大・路德韦格/莱文・兰宾/杰克・奎德,9.40%,美国,苏珊・科林斯/比利・雷/盖瑞・罗斯,33.00%,动作/科幻/冒险,6.7,44.90%,2012/6/14,2.50%,10.30%,饥饿游戏 The Hunger Games,142分钟
高圆圆/姚晨/赵又廷/陈红/王学圻/王珞丹/陈燃/张译/余皑磊/张大礼/马维福/杨青/霍青/谭松韵,16.00%,中国大陆,陈凯歌/唐大年,42.50%,剧情/悬疑,7.3,34.00%,2012/7/6,1.50%,6.00%,搜索,117分钟
文章/舒淇/黄渤/罗志祥/李尚正/陈炳强/赵志凌/周秀娜/杨迪/释彦能/冯勉恒/谢晶晶/何文辉/唐艺昕/卢正雨/张煜雯/葛行于/张超理/程思寒,14.90%,中国大陆 / 香港,周星驰/郭子健/霍昕/王芸/冯志强/卢正雨/李尚正/江玉仪,38.50%,喜剧/奇幻/冒险,7.1,35.80%,2013/2/10,2.70%,8.10%,西游降魔篇,110分钟
小罗伯特・唐尼/盖・皮尔斯/格温妮斯・帕特洛/本・金斯利/唐・钱德尔/保罗・贝坦尼/丽贝卡・豪尔/乔恩・费儒/威廉姆・赛德勒/詹姆斯・戴尔/伊芳・齐玛/泰・辛普金斯/阿什利・汉弥尔顿/王学圻/范冰冰,18.20%,美国 / 中国大陆,沙恩・布莱克/德鲁・皮尔斯/斯坦・李/唐・赫克/拉里・利伯/杰克・科比,45.10%,动作/科幻,7.5,32.50%,2013/5/1,0.70%,3.50%,钢铁侠3 Iron Man 3,134分钟(中国大陆)
杨子姗/赵又廷/韩庚/江疏影/刘雅瑟/张瑶/包贝尔/郑恺/王佳佳/黄明/佟丽娅/孙玮/王森/黄小蕾/杨澜/宫哲/崔文璐/韩红/潘虹/李大光/马小宁/郝姗姗,10.30%,中国大陆,李樯/辛夷坞,30.00%,剧情/爱情,6.6,42.90%,2013/4/26,4.30%,12.50%,致我们终将逝去的青春,132分钟
葛优/白百何/李小璐/郑恺/范伟/宋丹丹/李成儒/苗圃/杜家毅/梁天/李咏/关晓彤/曹炳琨/成龙/王宝强,4.70%,中国大陆,王朔,15.70%,喜剧,5.6,44.20%,2013/12/19,10.10%,25.30%,私人订制,118分钟
查理・汉纳姆/菊地凛子/伊德里斯・艾尔巴/查理・戴/朗・普尔曼/罗伯特・卡辛斯基/马克斯・马蒂尼/伯恩・戈曼/小克利夫顿・克林斯/芦田爱菜/迪亚哥・克莱特霍夫/希瑟・多克森/罗伯特・梅耶,22.10%,美国,特拉维斯・比彻姆/吉尔莫・德尔・托罗,42.30%,动作/科幻/冒险,7.6,29.80%,2013/7/31,1.20%,4.60%,环太平洋 Pacific Rim,131分钟
赵又廷/冯绍峰/林更新/金/杨颖/刘嘉玲/胡东/马京京/盛鉴/林朝绪/陈坤/言杰/汪汐潮,6.90%,中国大陆 / 香港,张家鲁/徐克/陈国富,30.00%,动作/悬疑/犯罪/古装,6.5,48.20%,2013/9/28,2.80%,12.20%,狄仁杰之神都龙王,133分钟
黄晓明/邓超/佟大为/杜鹃,19.20%,中国大陆 / 香港,周智勇/张冀/林爱华,47.10%,剧情,7.6,29.10%,2013/5/17,0.90%,3.60%,中国合伙人,112分钟
成龙/刘烨/景甜/殷桃/那威/刘仪伟/柳海龙/周晓鸥/于荣光/吴樾/刘佩琦/古力娜扎,4.80%,中国大陆 / 香港,丁晟,15.90%,剧情/动作/犯罪,5.7,47.40%,2013/12/24,8.20%,23.70%,警察故事2013,108分钟
汤唯/吴秀波/海清/宋美曼/宋美慧/金燕玲/买红妹/布拉德・哈德/李绮虹,16.40%,中国大陆 / 香港,薛晓路,43.00%,喜剧/爱情,7.4,34.30%,2013/3/21,1.30%,4.90%,北京遇上西雅图,123分钟
杨幂/柯震东/郭采洁/郭碧婷/谢依霖/凤小岳/李悦铭/陈学冬/姜潮/杜天皓/商侃/王琳/丁巧唯,5.00%,中国大陆 / 台湾,郭敬明,9.30%,剧情/喜剧/爱情,4.7,30.30%,2013/6/27,30.20%,25.20%,小时代,116分钟
桑德拉・布洛克/乔治・克鲁尼/艾德・哈里斯/奥托・伊格内修森/法尔杜特・夏尔马/艾米・沃伦/巴舍尔・萨维奇,26.80%,美国 / 英国,阿方索・卡隆/霍纳斯・夸隆,44.10%,科幻/惊悚/灾难,7.8,24.10%,2013/11/19,1.40%,3.60%,地心引力 Gravity,91分钟
范・迪塞尔/保罗・沃克/道恩・强森/乔丹娜・布鲁斯特/米歇尔・罗德里格兹/泰瑞斯・吉布森/姜成镐/盖尔・加朵/卢达克里斯/卢克・伊万斯/埃尔莎・帕塔奇/吉娜・卡拉诺/克拉拉・佩吉特/金・柯尔德/乔・塔斯利姆,20.60%,美国,克里斯・摩根/盖瑞・斯科特・汤普森,47.40%,动作/惊悚/犯罪,7.7,28.60%,2013/7/26,0.60%,3.00%,速度与激情6 Furious 6,130分钟
亨利・卡维尔/艾米・亚当斯/迈克尔・珊农/凯文・科斯特纳/戴安・琳恩/罗素・克劳/克里斯托弗・米洛尼/安婕・特拉乌/劳伦斯・菲什伯恩/阿耶莱特・祖里尔/雅丹・古尔德/迈克尔・凯利/迪伦・斯派比利/朱利安・瑞钦斯,10.90%,美国 / 英国,大卫・S・高耶/克里斯托弗・诺兰/乔・舒斯特/杰里・西格尔,33.10%,动作/科幻/冒险,6.8,45.00%,2013/6/20,2.00%,9.10%,超人：钢铁之躯 Man of Steel,143分钟
尼古拉斯・凯奇/艾玛・斯通/瑞安・雷诺兹/凯瑟琳・基纳/克劳斯・利特曼/克拉克・杜克/克里斯・桑德斯/兰迪・汤姆,48.60%,美国,克里斯・桑德斯/柯克・德・米科/约翰・克立斯,38.70%,喜剧/动画/冒险,8.7,11.70%,2013/4/20,0.20%,0.70%,疯狂原始人 The Croods,98分钟
丹尼尔・克雷格/朱迪・丹奇/哈维尔・巴登/拉尔夫・费因斯/娜奥米・哈里斯/贝纳尼丝・玛尔洛/阿尔伯特・芬尼/本・卫肖/罗里・金奈尔/奥拉・拉佩斯/海伦・麦克洛瑞/尼古拉斯・伍德森/Bill Buckhurst/Elize du Toit/伊恩 博纳,9.30%,英国 / 美国,尼尔・珀维斯/罗伯特・韦德/约翰・洛根,37.40%,动作/惊悚/犯罪/冒险,6.9,45.50%,2013/1/21,1.10%,6.70%,007：大破天幕杀机 Skyfall,143分钟
克里斯・派恩/扎克瑞・昆图/佐伊・索尔达娜/本尼迪克特・康伯巴奇/西蒙・佩吉/安东・叶利钦/卡尔・厄本/约翰・赵/布鲁斯・格林伍德/布兰登・诺曼/爱丽丝・伊芙/克里斯・海姆斯沃斯,25.70%,美国,艾里克斯・库兹曼/达蒙・林德洛夫/罗伯托・奥奇,48.60%,动作/科幻/冒险,7.9,23.10%,2013/5/28,0.50%,2.20%,星际迷航2：暗黑无界 Star Trek Into Darkness,132分钟
山姆・尼尔/劳拉・邓恩/杰夫・高布伦/理查德・阿滕伯勒/鲍勃・佩克/马丁・费雷罗/约瑟夫・梅泽罗/阿丽亚娜・理查兹/塞缪尔・杰克逊/黄荣亮/韦恩・奈特/杰拉尔德・R・莫伦/米盖尔・桑多瓦尔,24.70%,美国,迈克尔・克莱顿/大卫・凯普,50.70%,科幻/惊悚/冒险,8,22.70%,2013/8/20,0.30%,1.50%,侏罗纪公园 Jurassic Park,127 分钟
克里斯・海姆斯沃斯/娜塔莉・波特曼/汤姆・希德勒斯顿/安东尼・霍普金斯/克里斯托弗・埃克莱斯顿/杰米・亚历山大/扎克瑞・莱维/雷・史蒂文森/浅野忠信/伊德里斯・艾尔巴/蕾妮・罗素/阿德沃尔・阿吉纽依-艾格拜吉/凯特・戴琳斯/斯特兰・斯卡斯加德/艾丽丝・克里奇/克里夫・罗素/乔纳森・霍华德/克里斯・奥多德/妲露拉・莱莉/奥菲利亚・拉维邦德/本尼西奥・德尔・托罗/斯坦・李,14.90%,美国,克里斯托弗・约斯特/克里斯托弗・马库斯/斯蒂芬・麦克菲利/唐・佩恩/罗伯特・罗达特/斯坦・李/拉里・利伯/杰克・科比/沃尔特・西蒙森,42.90%,动作/奇幻/冒险,7.3,37.30%,2013/11/8,0.70%,4.20%,雷神2：黑暗世界 Thor: The Dark World,112分钟
道恩・强森/布鲁斯・威利斯/李秉宪/雷・帕克/阿德琳妮・帕里奇/D・J・科特罗纳/艾洛蒂・袁/查宁・塔图姆/乔纳森・普雷斯/雷・史蒂文森,6.10%,美国,略特・里斯/保罗・韦尼克,25.70%,动作/冒险,6.4,52.60%,2013/4/15,2.50%,13.10%,特种部队2：全面反击 G.I. Joe: Retaliation,107分钟(中国大陆)
伊恩・麦克莱恩/马丁・弗瑞曼/理查德・阿米蒂奇/肯・斯托特/格拉汉姆・麦克泰维什/詹姆斯・内斯比特/迪恩・奥戈曼/艾丹・特纳/雨果・维文/凯特・布兰切特/安迪・瑟金斯/西尔维斯特・迈可伊/克里斯托弗・李/伊利亚・伍德/伊安・霍姆/李・佩斯,32.50%,美国 / 新西兰,弗兰・威尔士/菲利帕・鲍恩斯/彼得・杰克逊/吉尔莫・德尔・托罗/J・R・R・托尔金,45.20%,动作/奇幻/冒险,8.1,19.50%,2013/2/22,0.60%,2.20%,霍比特人1：意外之旅 The Hobbit: An Unexpected Journey,169分钟
刘德华/姚晨/林家栋/胡军/吕良伟/姜皓文/黄德斌/梁烈唯/唐文龙/施祖男/尹子维/洪天照/王敏德 /王祖蓝/徐家杰/叶山豪/徐伟栋/张兆辉/陈保元/陈沛妍/黄智贤/卢海鹏/冼色丽,5.50%,香港 / 中国大陆,袁锦麟,26.00%,动作/犯罪,6.4,53.30%,2013/12/12,2.40%,12.60%,风暴 L暴,104分钟(中国大陆)
刘德华/林志玲/张静初/佟大为/斯琴高娃/奥马尔・本・哈依德/爱新觉罗・启星/石天琦/王曼妮/张光北,2.00%,中国大陆,孙健君,1.30%,动作/冒险,2.9,7.00%,2013/6/9,72.80%,16.90%,天机・富春山居图,122分钟
杨幂/柯震东/郭采洁/凤小岳/郭碧婷/谢依霖/陈学冬/王琳/李悦铭/商侃/姜潮/杜天皓/杨菲洋/丁巧唯,5.10%,中国大陆 / 台湾,郭敬明,10.50%,剧情/喜剧/爱情,4.9,34.00%,2013/8/8,25.60%,24.90%,小时代2：青木时代,116分钟
梁朝伟/章子怡/张震/宋慧乔/赵本山/小沈阳/王庆祥/张晋/卢海鹏/冯克安/刘家勇/张智霖/金士杰/徐锦江/刘洵/尚铁龙/罗莽/吴廷烨,26.60%,中国大陆 / 香港,邹静之/徐浩峰/王家卫,42.90%,剧情/动作/传记,7.8,24.80%,2013/1/8,1.40%,4.20%,一代宗师 一代宗,111分钟(3D重映)
文章/李连杰/刘诗诗/陈妍希/柳岩/马伊P/黄晓明/佟大为/冯德伦/吴京/邹兆龙/郑嘉颖/梁小龙/谢天华/张梓琳/邓丽欣/田亮/方力申/梁家仁/林雪/何超仪/林峰,2.40%,中国大陆,张炭,6.70%,喜剧/动作/犯罪,4.6,32.00%,2013/6/21,22.90%,36.00%,不二神探,98分钟
